1530.2570306288,0
3363.3045509193,0
4562.3717617567,1.1738804590686
4591.8332039002,6.8121227554029
4664.3052690545,0
4793.574061722,0.039800685958653
5015.4279635709,0
6217.9847690426,0
6295.5487571487,0
6383.67776158,0
6652.169549823,0
6689.9220734899,0
7280.3085139549,0
7571.6872237191,0
7676.8588129119,0
8424.6451878533,1.40942019875
9935.9303172647,0
13097.013292338,0
13896.845075039,0
14403.376813031,0
14434.487990971,0.13323190429401
14627.554448365,0
14658.509993941,0
17304.65632481,0
17323.397945881,0
17691.904227015,0
19969.103011862,0
23544.430295634,0
24742.067276257,11.561506249323
24885.726337142,0
25235.404415363,0
25683.47723091,2.7084880773837
26197.656844932,0
26223.60878314,0
26371.000927897,0
27738.118788916,0
27846.324573677,0
28431.09064706,9.6720683141612
31862.39196118,0
31862.749982432,0
32991.301141852,0
33521.230654204,0
33685.359688301,0
34848.848350152,0
34944.650797182,0
35274.649218864,0.42194053896674
35790,14.151715284104
36062.132707717,0
36402.511885104,0
36756.95511974,0
36795.82052416,0
36798.050817532,0
37679.309795144,0
37907.876580602,0
38420.119112207,0
39862.377397035,0
43615.06990919,0
44729.620351615,0
44829.454285274,0
45038.44914792,0
45538.859984376,0
46315.957271512,0
46407.469849275,0
46448.239286694,0
46611.553629227,0
46620.242286016,0
46702.596418339,0
46790.954443147,6.817747844063
46804.483103385,0.70611767248192
47971.864086918,0
48217.174124396,0.69229429192637
48836.090259487,0
50131.464592706,0
53475.124302899,0
54891.38561562,0
54921.962323461,0
54973.569382599,6.9901001684921
55361.87825848,0
55715.223652101,0
55927.047782585,0
56212.907594735,0
56469.898952498,0
56783.468877035,0
59316.431847352,0
59331.781438928,0
64168.975584467,0
65007.274969596,0
65339.547589166,0
65477.421267837,0
65492.749445575,0
65512.303799094,0
66186.095213523,0
66439.06529914,0
66542.01178525,0
66675.181102872,0
67054.83098472,0
67085.683719819,0
72279.414386006,0
74274.40373557,0
74275.219426713,0
75119.75472005,0
75214.69715717,0
75795.687277673,0
76852.693070407,0
77157.793686151,0
77235.529288609,0
78059.389714456,0
78189.221905438,0
80619.724712615,0
83151.860693131,0
85072.581329451,0
85246.813232853,0
85261.670693222,0
85822.8173094,0
86771.045800376,0
86817.360903119,0
87171.678030381,0
87293.003325713,0
88086.803106954,0
88812.619352908,0
94525.243316068,0
95199.136958095,0
95275.492994971,0
95470.495728329,0
95824.904214366,0
96758.571246897,0
97005.896209653,0
97100.42830902,0
97120.571152005,0
98151.746922716,4.3063151702518
98223.362847724,0
98947.563276202,0
102537.06348291,0
103513.95512615,0
105413.23847658,0
105583.56085399,0
106137.35069336,0
106622.17328724,0
106796.21290436,0
106838.37443476,0
107196.10335877,0
107352.54549865,0
107424.7281127,0
107498.59678724,0
110813.19458507,0
113765.29965615,0
114638.33902676,0
115470,0.57444223258062
115645.31838526,0
115657.239541,0
116327.31913611,0
117070.03703847,0
117273.6451021,0
117291.72018228,0
117510.1046774,0
118100.02493937,0
118385.10058287,0
120781.50838619,0
122865.96787602,0
124601.17718537,0
125333.45233026,0
125515.35642169,0
126177.6747561,0
128534.33162919,0
129227.13726056,0
129288.00920591,0
130056.45372946,0
130727.29811773,0
133821.27749236,0
134417.89704733,0
135439.16565934,0
135950.10492622,0
135998.35912522,0
136022.67521812,0
136640.5046474,0
137413.89688775,0
137678.51452876,0
139730.97681568,0
139965.07722199,0
141001.5929105,0
143959.61482026,0
144768.53112766,0
144921.65164845,0
144938.48976474,0
145467.89541253,0
145904.99982775,0
146125.49807042,0
146313.82530103,0
146793.61160852,0
147047.69655714,0
147466.20290685,0
148631.67149338,0
148634.30567601,0
148835.81334984,0
149914.38963614,0
154770.89436895,0
155666.32367848,0
155743.02085948,0
155793.58176763,0
155817.84900473,0
155902.1196638,0
155983.37546852,0
156469.63152852,0
157440.38822922,0
157748.14468991,0
158448.19824955,0
158824.51100412,0
159146.3104187,0
161230.60272339,0
162823.65045491,0
165613.44025404,0
165640.28241684,0
165774.10108812,0
166525.74557285,0
167388.16880383,0
167488.41719374,0
167542.43909367,0
167581.46964128,0
167659.42819249,0
167677.21619325,0
167778.00130381,0
167848.07710647,0
167897.96755555,0
167989.74277122,0
175844.48667704,0
175967.8639728,0
176179.18137125,0
176506.39806017,0
177436.56971907,0
177642.38720161,0
177884.39044917,0
178012.10288165,0
178043.05253509,0
178993.37861546,0
179009.74118268,0
179055.16623436,0
180038.94633747,0
181396.33828026,0
184032.96676477,0
185173.684114,0
185767.4261458,0
185921.26799342,0
186084.67213797,0
186251.63945837,0
187470,3.9027159204416
187510.64767596,0
187600.46322485,0
187903.48818408,0
187987.73781495,0
188825.51740361,0
188878.04563729,0
193230.71264262,8.9025930536445
195927.42374909,0
196188.55658534,0
196827.84766479,0
197592.77794265,0
198032.04949501,0
198045.50601396,0
198212.75696446,0
198908.9214054,0
198955.2183583,0.9186974397162
199445.72712674,0
199629.55989089,0
199747.29714291,0
204723.79368971,0.34078745468287
204882.72633134,0
206129.72353142,0
206292.72031221,0
206319.76391573,0
206763.75618428,0
207305.64497164,0
207771.56293156,0
209137.48057901,0
209310.17929484,0
209989.68906693,0
211229.23355523,0
213291.73891086,0
216608.64151137,0
217137.29553016,0
217378.33398817,0
217805.73324811,0
217928.82590127,0
217991.44638433,0
218133.82731252,0
219064.59574214,0
220462.43333409,0
225370.10606721,0
226227.79824236,0
226546.8477166,0
227051.6450484,0
227130.6298571,0
228071.82145841,0
228145.67601237,0
228248.53055508,0
228264.05916104,0.55820276847226
228995.95881353,0
233348.46856338,0
234712.42626336,0
235082.57124556,0
235444.09837615,0
235597.28414357,0
236451.86233191,0
236596.6099492,0
236738.86539632,0
236750.20485407,0
237327.16702568,0
237566.69498525,0
237571.45326561,0
237947.61580369,0
238361.99720782,0
238443.93862358,0
238507.85850723,0
239266.14726164,0
239515.15139293,0
240544.27425754,0
244758.82415484,0
245548.39852997,0
246435.99828708,0
246460.94755379,0
246544.08529724,0
246859.07909875,0
247038.09887614,0
247063.215977,0
247601.6120627,0
248328.93318706,0
248330.12846181,0
248343.87592942,0
248469.32410843,0
249341.96161835,0
250758.33285269,0
250775.97899111,0
254435.06284489,0
254818.06962292,0
255118.86691171,0
255707.81914834,0
256548.88080503,0
256724.69776577,0
258338.74589236,0
258400.56628422,0
258451.12258555,0
258677.93100319,0
260242.20389607,0.61219789553434
262003.42693127,0
266589.21481342,0
266710.6539822,0
266716.00831602,0
266825.55146825,0
267155.97974692,0
267677.78851247,0
268708.82382233,0
268772.15429868,0
275789.09586485,5.4281169676105
276494.31029517,0
276769.33440292,0
276859.94262675,0
277129.05326342,0
278404.0897757,0
278585.11953144,2.0558432116522
278624.0911306,0
278721.08730449,0
278829.81942016,0
280857.6752727,0
281886.28943008,0
285891.06288162,0
286903.17821605,0
288120.89127856,0
288169.1455406,0
288189.41045329,0
288627.27761194,0
288684.72974054,0
288814.70320115,0
288869.55736429,0
289586.80625986,0
289818.89025377,0
289847.45763591,0
289914.34794238,0
291001.56951548,0
291895.1672058,0
292181.21728043,0
294745.69945871,0
295327.53965366,0
295757.87941749,0
296819.1053612,0
296884.60950137,12.24520028464
296933.0463754,0
296995.17649083,0
298153.2664022,0
298236.1855913,0
298302.98793708,0
298571.29141929,0
299637.02225654,0
299792.46602237,0
300710.29122485,0
301146.54752994,0
301243.85274952,0
306099.65162007,0
306113.87863718,0
306740.63240651,0
306944.63443792,0
306989.92513472,0
307127.87885815,0
307175.9894998,0
307291.21588899,0
307465.33977845,0
308187.74298971,0
308657.78536638,0
310734.65034329,0
311199.97630368,0
311234.90808596,0
311387.28017672,0
313990.63518595,0
314342.13910548,0
315690.55378744,0
316883.34088325,0
317015.5605069,0.66618697112426
317026.5554413,0
317119.03893542,0
317226.26460921,0
317302.28659517,0
319018.48193036,0
319096.32813814,0
319135.25101379,0
319155.39505218,0
319730.04943861,0
320551.244795,0
320661.35591694,0
320916.86571867,0
322525.22224686,0
327323.75934882,0
327328.79629907,2.8502394143143
327410.92072004,0
327908.48932633,0
328661.7494008,0
329051.46516971,0
329127.84989718,0
329159.00958792,0
331576.1863665,0
331581.78736226,0
334216.00662197,0
336197.24670587,0
337164.41030066,0
337311.8020421,0
337745.57921346,0
338070.46872158,0
339218.59929713,0
339275.26514527,0
340240.38628141,1.0830424806918
340721.00395072,0
345173.91557751,0
346218.02552097,0
347100.14478838,0
347196.05343935,0
347568.06411835,0
348406.04443639,0
348737.54119402,0
349091.38933833,0
349370.47594565,0
350031.69201491,0
350128.68128059,0
350141.23400363,0
350205.11594765,0
350273.2572609,0
350360.89426094,0
350596.46652984,0
351080.70458115,0
351622.46032333,0
352550.49880613,0
357369.41661106,0
357693.98959996,0
358920.56662032,0
358958.4617549,0
359302.17669289,0
360076.06176033,0
360325.44710112,0
361021.93139336,0
361082.02922748,0
362703.68671007,0
362744.03885202,0
366622.26876159,0
367266.58080595,0
367393.69773781,0
367470,7.3564679425326
367485.60971581,0
367845.06629181,0
367997.25381922,0
368673.56123897,0
368713.0415326,0
368816.08234159,0
369084.070191,0
369336.58758942,0
369492.94694308,0
369498.94630352,0
371183.18347677,0
371287.08390465,0
371590.43893305,0
372528.11279575,0
377359.28215335,0
377730.92390732,0
378023.46465696,0
378071.68557048,0
378208.69892227,0
378212.93958999,0
379007.36014255,0
379041.11825741,0
379295.99844376,0
380402.83743345,2.7449163207202
380423.47201249,0.97149062290555
380630.18500223,0
380791.15333484,0
380832.8844152,0
381141.47081535,0
381255.60442389,0
381471.52878029,0
384723.22514703,0
385957.94744847,0
387404.20717496,0
387715.05556579,0
387757.33141575,0
387809.16902468,0
387818.26761186,0
387948.02414693,0
388646.25813022,0
388717.9448797,0
390323.71392771,0
390510.79179955,0
391328.5626006,0
394905.00068787,0
395643.49441993,0
396652.47868616,0
397505.00204453,0
397764.67119764,0
398998.15537845,0
399207.9528793,0
399434.43697973,0
399445.86031558,0
402192.05845982,0
407822.05492115,0
407889.72739368,0
408061.76974382,0
408133.41979666,0
408407.42415956,0
409111.49151576,0
409288.01012187,0
409573.91665322,0
409576.01469843,0
409773.41594166,0
409889.1717067,0
410732.09505608,0
410871.2514078,0
411748.8217377,0
411972.08240075,0
417717.25169318,0
417824.3272634,0
418781.01541094,0
419120.71388589,0
419286.58306389,0
419517.06544647,0
419561.97266188,0
419766.12914219,0
419918.29112739,0
422013.43091083,0
426051.20463115,0
427799.28673821,0
427876.07058032,0.22914569650311
428171.90964529,0
428833.56740277,0
429150.59267053,0
429250.26906966,0
429316.37338203,0
429680.78411816,0
429702.63931883,0
429817.40274394,0.13443765399279
429950.62975413,0
430037.95742424,0
431572.41155557,0
431628.16041579,0
431703.62629428,0
433133.54696433,0
433372.87389371,0
434895.22674404,0
437850.24646958,0
437894.18108961,0
438448.67528984,0
438582.45315781,0
438776.14948582,0
439012.95684063,0
439217.53284802,0
439243.36400468,0
439909.55900058,0
440033.61040086,0
440154.99246399,0
441672.39528347,0
442033.41875061,0
443243.36881527,0
445387.33075271,0
448205.97825574,0
448612.30201474,0
449612.05878769,0
449634.86148548,0
449766.5120187,0
449828.80023457,0
450001.7312598,0
450176.65342315,0
456491.01867576,0
458286.15092443,0
458294.99211503,0
458369.72222029,0
458405.0217732,0
458589.51017144,0
459435.92784268,0
459852.35612349,0
459966.64458791,0
460215.16590236,0
461759.02770141,0
461875.48218167,0
462634.89333469,0
465576.67946195,0
466906.50436529,0
468059.23432944,0
468387.11203848,0
468397.32509343,0
468415.85632087,0
468458.52141937,0
468518.91292804,0
469298.14365273,0
469314.26103045,0
469969.91749717,0.077300716540776
477185.71294127,0
478369.8772164,0
478667.02984833,0
479439.43965434,0
479492.91484386,0
480096.26961586,0
480137.2925279,0
480220.40282962,0
481153.37563047,0
481275.35737951,0
481333.7789004,0
481393.93088531,0
481404.90688498,0
481525.18269019,0
481673.23758567,0
482507.89633203,0
486812.51528918,0
487255.84259146,0
488572.78065736,0
489161.96297142,0
489199.19224905,0
489227.97981586,0
489356.37215907,0
489995.18815835,0
490049.67137536,0
490083.58614915,0
490134.71138881,0
490150.35514924,0
490532.89404186,0
491157.98679835,0
491360.80972675,0
492112.98005251,0
492819.47788975,0
493493.55806458,0
497462.29756059,0
497716.82982144,0
498252.95334898,0
498376.48445494,0
498501.93030494,0
498778.81198236,0
498921.59844158,0
499423.18613596,0
500557.9048597,0
501149.54773966,0
501979.36077761,0
508321.53213061,0
508338.41441383,0
508628.3295369,0
508792.32277305,0
510293.86972773,0
510671.07890777,0
510689.28045521,0
511207.05746727,0
512188.8229038,0.96051401516888
517484.53703886,0
517649.23462729,0
518725.74307618,0
518947.24016556,0
518963.84198587,0
519696.4169454,0
520137.08088913,0
520342.31013959,0
520694.43886192,0
523967.20130674,0
524013.72421288,0
524076.14917257,0
529004.0734343,0
529446.01646225,0
530309.57881307,0
530403.43864866,0
530644.30765953,0
530692.92547892,0
531458.7773183,0
531663.59483581,0
532970.7335644,0
533258.55943137,0
536021.37923115,0
538637.49131805,0
539396.86104096,0
540517.99003489,0
540826.81439193,0
540854.52944532,0
541502.97430185,0
541503.50649625,0
541723.72842024,0
541834.07488418,0
547232.11778728,0
548649.41768914,0
548905.04641507,0
549055.08492346,0
549220.79998547,0
549356.39985891,0
549468.94240214,0
550099.77882779,0
550581.87150122,0
550818.27617968,0
550836.33218665,0
551037.02273253,0
551601.21385002,0
551900.74320016,0
552128.15913611,0
552241.47069199,0
554206.46945173,0
557619.86435712,0
558972.66670764,1.0356611619936
558973.81240558,0
559059.74338398,0
559219.07767073,0
559628.76436643,0
559988.08896157,0
560302.24006228,0
560506.28812997,0
560666.12871846,0
561000.71256541,0
561611.2756698,0
561827.02771814,0
561983.66773018,0
562609.10901956,0
562694.72277355,0
564024.86491075,0
564118.07786324,0
564297.7835117,0
564460.00536984,0
568858.16945559,0
569226.0756668,0
569517.46127669,0
570882.00107684,0
571818.29501835,0
574492.36554644,0
578322.45318875,0
579150,4.703367236536
579493.80448723,0
579674.19471282,0
580262.02035517,0
580908.17577098,0
581853.80177036,0
581866.03593387,0
582042.29363184,0
582072.8722292,0
582075.40441314,0
582182.79099907,0
588170.7214935,0
589041.52655352,0
589081.16588988,0
590396.05904763,0
590467.16297252,0
591021.07423427,0
591047.16871161,0
591094.59910872,0
591147.83819785,0.2420196699677
592014.22104549,0
599453.56121515,0
600046.84815068,0
600379.31354731,0
600471.97551776,0
600550.86923112,0
600982.6540328,0
601007.12201789,0
601022.99856802,0
601123.53363067,0
601200.82465797,0
601213.86555869,0
601402.01432179,0
601966.55537324,0
602013.85177164,0
602044.95003663,0
602255.69095746,0
604718.32824715,0
608247.47633935,0
609523.28496569,0
609843.83097602,0
610026.66845825,0
610034.52868004,0
610542.82025518,0
610744.24925886,0
610756.96692175,0
611294.08877894,0
612691.97813595,0
613467.03857303,0
616461.74127703,0
618506.09127455,1.3448716568528
618684.68846757,0
619292.48320709,0
619631.93060327,0
619661.63235611,0
619700.49118531,0
620688.17630507,0
620857.62748313,0
621027.49596492,0
621140.15977466,0
621182.42258413,0
621350.71493032,0
622455.89806317,0
622490.79445312,0
623004.7779047,0
623040.95449311,0
623148.14471219,0
624843.51901264,0
627612.79552386,8.4163026604801
628050.86445509,0
628294.62382745,0
628570.4727401,0
629461.36248934,0
629521.43005558,0
629627.0435789,0
629649.92214091,4.0009148643585
629658.26511731,0
629743.93292644,0
631341.65904625,0
631441.19147972,0
632383.05418043,0
632959.64460017,0
633721.35178663,0
634973.241713,0
638043.02996096,0
638486.97478448,0
638672.69982168,0
639496.01288523,0
640514.37294126,0
640971.22460289,0
641423.71786589,0
641632.66199966,0.69176969886757
642432.18782562,0
644833.72417065,0
648584.66647822,0
650803.14855707,0
650945.32045175,0
650989.98357723,0
651607.41020759,0
651696.58913783,0
652332.86902335,0
652362.30954722,0
652678.12640887,0
653100.86330209,0
653394.97037433,0
653720.93532787,0
654816.26271007,0
658426.03607838,0
658816.50662279,0
658933.90210581,0
658984.70896369,0
659692.22011956,0
661264.40505196,0
661316.4078585,0
661350.90355201,0
661478.92239263,0
661523.1636291,0
661640.01715051,0
663344.27565549,0
664966.2911044,0
665123.16547198,0
666738.44190075,0
669624.78116901,0
669652.18891016,0
669745.00626855,0
670046.25647231,0
670047.70150101,0
670130.76509485,0
670174.9379961,0
670408.013543,0
670430.93680733,0
670833.22005958,24.936425405089
671790,16.90147306514
672524.40133991,0
673651.7250383,1.3139795180177
673874.47735077,0
675034.32479404,0
676993.93313828,0
678493.31763867,0
678813.89950498,0
679184.15597783,0
680460.04316835,0
680600.00597012,0
681092.33709751,0
681220.3388797,0
681383.26000454,0
681686.35263284,0
682054.06550585,0
683994.23516662,0
684261.85165592,0
689830.28157522,0
690036.13807307,0
690064.95458624,0
690818.74699491,0
691694.57526445,0
692025.41428772,0
692849.27691302,0
692991.73312054,0
693930.61795891,0
693958.58553866,0
693994.55380571,0
698500.17557806,0
698850.68024203,0
699050.317607,0
699305.64042691,0
701441.12171639,0
701692.25139402,0
702013.54392551,0
702957.30231584,0
702974.58406054,0
703148.76841144,0
703919.81230969,0
704264.20795038,0
708819.07573311,0
709929.16846391,0
710247.24232768,0
710266.2591997,0
711999.40781815,0
712055.90632628,0
713194.57465186,0
719144.47621521,0
719211.25489089,0
720032.9576884,0
720095.04241561,0
720307.19489076,0
720400.37446325,0
720897.67409397,0
722204.48872518,0
722318.41620889,0
722384.27961869,0
723251.963982,0
723481.08056813,0
725682.46340672,0
729263.15041997,0
729302.83161035,0
729418.22373736,0
730194.79717876,0
730303.19725242,0
730577.63941989,0
730671.42008223,0
731195.51966353,0
731717.29116291,0
732011.88350881,0
732027.89197484,0
733009.2111183,0
733245.09664448,0
734196.1447792,0
737300.91778867,0
738743.61340281,0
739241.51493118,0
740162.69598728,0
740841.61323492,0
740912.37272483,0
741287.49049896,0
741742.17740275,0
742143.34762597,0
742361.51993169,0
742375.33654538,0
742403.63819452,0
743098.93545162,0
744627.26397885,0
747733.29668214,0
750509.79649162,0
750653.68278478,0
752093.55189037,0
753737.23660681,0
754494.42133272,0
755592.96472428,0
760398.8081021,0
760459.17388955,0
760692.8447282,0
760743.1642183,0
761147.19603504,0
762059.27899237,0
762095.18867259,0
762196.37523399,0
764799.66350632,0
764929.31507811,0
769673.52604893,0.82719339057803
770554.95213897,0
770659.43532094,1.4278596359072
770751.30611391,0
770772.77920116,0
771079.60304217,0
771239.50012622,0
771336.82590559,0
771681.7382481,0
771743.1191193,0
772109.82115021,8.312824974535
772266.74230917,0
772434.53037493,0
773621.80573581,0
777683.28006964,0.18589272012468
781416.58521829,0
781441.89087342,0
781938.37556771,0
782252.25230528,0.63843434921
782396.04266064,0
782497.20192127,0
782553.7987725,0
782565.48054486,0
782600.85635366,0
783646.73508442,0
784255.00414058,0
785202.58295361,0
789245.06358292,0
790897.07221487,0
791039.27461469,0
791978.99788448,0
792280.48217968,0
792436.69093327,0
792484.78241802,0
792567.23694504,0
792957.86844475,0
793580.26000346,0
794430.7014537,0
794587.60663984,0
795215.45819393,0
795256.6827352,3.5047481938964
798868.71553819,0
799772.34241526,0
799959.75963071,0
800676.3566009,0
800712.60922406,0
800772.83366006,0
800864.50531766,0
800926.33662399,0
801009.25636012,0
802102.60628555,0
802105.04691154,0
802727.22970129,0
802944.49642793,0
803798.56362491,0
803877.84545865,0
803920.75252921,0
810723.62517644,0
810799.66370092,0
812386.6589246,0
812487.30486181,0
812759.19641175,0
813018.06021312,0
814661.37805859,0
815121.16382658,0
819883.76609018,0
820036.37145279,0
820800.70255637,0
820821.57286486,0
820860.75849031,0
821029.66542294,0
821098.64339503,0
821546.72379465,0
821601.14826919,0
821975.41037251,1.0952483779984
822323.69206793,0
822330.15805116,0
822390.7566865,0
822441.12748016,0
823036.0280239,0
823705.77246127,0
823717.49643792,0
824615.72188705,0
824751.62860518,0
829636.42817862,0
830331.35320666,0
830909.26926095,0
832338.60314155,0
832827.95682111,0
832945.44901342,0
833160.00141054,0
833981.82973263,0
834857.42784225,0
835577.0383846,0
839407.42320877,0
839470.06615369,0
839917.97110657,0
840019.26991568,0
840188.97071503,0
841137.94755639,0
841547.87832999,0
841590.48850807,0
842298.46761724,0
842830.20411399,0
844010.68494597,0
844076.43320478,0
844308.60257248,0
844309.62131546,0
846293.74779278,0
846442.11583993,0
848356.86209725,0
849963.03667729,0
850315.45378967,0
850365.40794362,0
850545.48919957,0
851158.77313818,0
851311.60158948,0
851538.63632012,0
852033.42701292,0
852487.5413785,0
852506.47518637,0
853050.64328438,0
853205.02345221,0.032825468573719
853387.7951607,0
854044.13781306,0
854155.10270589,0
855327.92151086,0
856406.84630494,0
856429.12448098,0
860521.81956367,0
860531.80108583,0
861177.76351355,0
861440.5375727,0
862605.46192044,0
862834.9080317,0
862869.92103104,0
863093.22485345,0
864272.18719365,0
864400.61100738,0
866733.91133276,0
868479.83142262,0
870487.41230424,0
871379.54229025,0
871406.76294564,0
871853.27355502,0
871969.93112876,0
875050.80589287,0
875432.07698578,0
875504.70266441,0.47086864407174
875715.80634521,0
875747.81208688,0
875939.31309773,0
881437.03426896,0
882141.84092709,0
882179.31776037,0
883141.62434025,0
883366.73641663,0
884381.48924816,0
884619.24969997,0
884736.51804277,0
886830,29.763667952269
890842.32266139,0
891451.12925359,0
891458.02536682,0
891813.22767375,0
892119.49755312,0
894609.47025754,0
895407.79436989,0
895801.40679557,0
895982.93393674,0
901645.07542105,0
901779.38605126,0
902013.36522655,0
902046.03109772,0
902230.99017517,0
903126.06187879,2.4480315387482
903531.0770135,0
903593.92764746,0
905157.87193988,0
910740.50173576,0
911887.44551738,0
911906.93404811,0
912321.0412455,0
913274.74410347,0
913441.88136144,0
913581.63634506,0
913609.35478484,0
913800.02825521,0
913833.18418148,0
913838.26087556,0
913847.54986305,0
914575.6828111,0
914651.17345781,0
914668.29486039,0
916038.98586655,0
916231.66478854,0
916997.56746726,0
920572.58816778,0
921839.5121188,0
922641.3645634,0
923123.18111107,0
923356.14415099,0
923594.22992768,0
923598.59267834,0
923801.10167815,0
923939.40871423,0
925708.14446278,0.94790608307812
929220.89237042,0
930662.08766707,0
930954.36901621,0
933031.05405362,0
933254.93230821,0
933806.56809002,0
933913.63953804,0
933952.71064944,0
934805.81015583,0
935011.86026351,0
935029.3287485,0
935611.47393142,0
935691.42704869,0
935920.78758848,0
936410.11871234,0
940596.07796633,0
942215.53153648,0
942503.28056945,7.6922520592343
943647.53451654,0
943755.87867745,0
944650.30213014,0
945007.19083425,0
945098.76917703,0
946239.12372152,0
951882.03659597,0
951891.05347027,0
951895.8052324,0
951993.50996446,0
952098.58534099,0.075322902528569
952157.32616447,0
952966.07653775,0
953556.79680178,0
953620.89788576,0
953870.296373,0
953915.72877527,0
954125.29468253,0
955862.78751089,0
956633.85916119,0
957489.21324908,0
957541.61421468,0
961387.52848873,0
962034.7769044,0
962142.37002175,0.61269121069927
962225.00458767,0
962388.87936872,0
962875.14557391,0
964064.21561785,0
964967.4606114,0
965895.65315282,0
966175.24276656,0
969309.96024191,0
972213.20869879,0
972481.43421141,0
972747.54970367,0
973811.42360778,0
973867.31352634,0
973903.0527769,0
974038.28712038,0
974049.09192862,0
974167.31803076,0
974318.02223959,0
974967.17627372,0
975171.24847101,0
975282.55082253,0
975307.63431972,0
975466.50032921,0
975559.07361886,0
975749.14881998,0
976069.88975561,0
980924.51200021,0
981073.02252428,0
981136.74272751,0
981443.50778439,0
982471.52010586,0
983844.97718658,0
983893.52509183,0
985024.9885164,0
986089.15372784,0
986210.59140102,0
986557.38848662,0
989735.15632409,0
991294.72887475,0
992425.55712147,0
992431.21967716,0
992756.69224446,0
993365.61543429,0
993642.57374975,0
994108.87366673,0
994149.13812177,0
994278.96299125,2.2187528685899
994526.35013474,0
995868.41287772,0
996065.5602249,0
999804.0097279,0
1000684.5934249,0
1002429.057788,0
1002515.8392234,31.52421040996
1002979.4544866,0
1003619.2843704,0
1003695.2555484,0
1004636.5587766,0
1006491.4413757,0
1009728.5068798,0.2859460337786
1011107.912022,0
1012759.5888993,0
1012876.224612,0
1013023.9086555,0
1013433.3957332,0
1013879.7334935,0
1014005.7949788,0
1014309.9389053,0
1014441.8337589,0
1014561.5292156,0
1014572.5473152,0
1014637.7033714,0
1014676.7041721,0
1015265.5411348,0
1015297.9501421,0
1015439.3259459,0
1015713.1916592,0
1015816.8109274,0
1015931.2197011,0
1016267.3512201,0
1016507.8498074,0
1016819.0967561,0
1016935.9499957,0
1017731.7640211,0
1021481.2168585,0
1021764.0799918,0
1022471.6082551,0
1022573.2695046,0
1022738.4694136,0
1023177.7060804,0
1027877.0558412,0
1029966.7333426,0
1032486.018377,0
1032613.2499329,0
1033189.4113164,0
1033802.9252382,0
1034122.7860767,0
1034204.9429175,0
1034315.4311521,0
1034540.4166073,0
1034549.9165157,0
1034771.6281315,0
1034802.3705158,0
1034820.7010078,0
1035468.5254485,0
1035537.1793946,0
1036383.8487394,0
1036577.4055203,0
1037080.7800245,0
1038030,2.278907937347
1038153.4822406,0
1040023.151743,12.658794638701
1041545.6186997,0
1041670.1453199,0
1043003.2952559,0
1043885.3009294,0
1044138.8796226,0
1044217.5736145,0
1044355.1422557,0
1044528.7803837,0
1045525.9061907,0
1045535.7016084,0
1046876.1246878,0
1049801.1733997,0
1051693.9536851,0
1052101.9859174,0
1052661.928496,0
1052769.6815998,0
1052929.2234924,0
1053027.8164016,0
1053207.5133509,0
1053221.1958841,0
1053973.6859618,0
1054114.2613537,0
1054639.1093639,0
1054847.4074536,0
1054870.8357372,0
1054920.7336912,0
1061830.6041956,0
1061946.6064866,0
1062778.2344057,0
1062803.6805382,0
1062897.1158329,0
1063049.78383,0
1064806.5083765,0
1065028.3030115,0
1065037.0456353,0
1065810.5736447,0
1066107.8128791,0
1066871.5611542,0
1067457.6985376,0
1070237.9637706,0
1072922.4153744,0
1073210.1308421,0
1075003.2211131,0
1075008.276662,0
1075012.7671807,0
1076061.4516355,0
1077294.5747869,0
1078122.6938044,0
1083128.8062992,0
1083239.1125476,0
1083267.8884561,0
1083304.6504717,0
1083502.5511714,0
1083583.0492442,0
1083811.281633,0
1084523.6798397,0
1084685.1165867,0
1085963.5647909,0
1086749.1804814,0
1088494.9776077,0
1090173.2978513,0
1092093.1198739,0
1092198.6600803,0
1093304.4638478,0
1093312.2749321,0
1093656.0066418,0
1093793.7054581,0
1093933.4345242,0
1094195.4400317,14.032949092332
1094226.6264854,0
1095355.0658087,0
1095845.3909091,0
1096029.4728321,0
1096186.8978027,0
1096788.3359678,0
1102144.3948539,1.1725490922108
1102272.4372974,0
1103077.920524,0
1103557.3685343,0
1104680.0768,0
1104905.7820794,0
1105184.9191217,2.3809640868567
1105292.4255225,0
1105951.684884,0
1108758.6993352,0.46767739858478
1113155.4235997,0
1113176.6793693,0
1113182.5469791,0
1113210.8772669,0
1113432.2208315,0
1113674.5658041,0
1115454.5462879,0
1115460.4830349,0
1116157.967749,0
1117330.8666368,0
1117565.0056053,0
1121699.6511215,0
1122131.5541794,0
1122559.4465075,0
1123227.9729538,0
1123536.8095206,0
1123584.4548833,0
1123927.9327977,18.343975360505
1124494.5573786,0
1124613.693794,0
1124813.8660624,0
1125060.5978506,0
1125427.316981,0
1126338.9283683,0
1127559.4851857,0
1131398.4674945,0
1133352.9141402,0
1133417.1570708,0
1133550,11.120113086887
1133562.4119912,0
1133673.0585481,0
1133702.2849176,0
1133840.4225254,0
1134354.6214889,0
1134821.2188144,0
1134821.247026,0
1134952.97672,0
1135004.5579626,0
1135406.5651054,0
1135409.0994815,0
1135444.3720941,0
1136245.3695548,0
1136567.1032574,0
1136596.7423887,0
1137537.591546,0
1143411.8896561,0
1143586.6020329,4.7202684867661
1143640.8254855,0
1143825.6812768,0
1145659.1568117,0
1145704.2612078,0
1146371.4684379,0
1147159.1185537,0
1147265.0526281,0
1147293.1030503,0
1147888.2327723,0
1148122.4915492,0
1148688.0760435,0
1149007.489298,0
1152289.4146268,0
1153873.6250681,0
1154260.2387117,0
1154806.2715482,0
1155066.0737089,0
1155081.2979932,0
1155672.2961015,0
1155720.8666067,0
1155804.7889741,0
1157740.2807247,0
1163543.4709963,0
1163680.2614901,0
1163682.8820511,0
1163692.5429095,0
1163968.4556758,0
1164099.9863577,0
1164436.324911,0
1164520.6002313,0.56803913763724
1165457.2507441,0
1165484.2831615,0
1165533.858304,0
1165660.9924174,0
1165885.1150418,0
1166550.3875551,0
1167786.8946363,0
1174669.7261735,0
1174907.7268356,0
1175076.5091994,0
1175556.1407711,0
1175944.983285,0
1175989.512561,0
1176548.0102941,0
1176625.1214646,0
1177705.4068848,1.4833573081996
1177905.7819183,0
1178116.6949977,0.60663892165758
1178979.4911992,0
1179059.8715852,0
1182252.2254481,0
1182687.3016682,0
1183770.4810424,0
1184072.0497935,0
1184133.9502172,0
1184446.8532885,0
1185072.5140419,0
1185688.4124892,0
1185908.8870851,0
1185914.886351,0
1187003.0699053,0
1187533.19696,0
1187719.1638352,0
1188024.8167512,0
1188383.6856089,0
1189106.9512354,0
1189153.4558129,0
1190938.5925303,0
1194296.3669152,0
1194641.5556771,0
1194741.7763267,0
1194996.7484239,0
1195638.9197271,0
1195987.5425082,0
1196693.510407,0
1196845.5664224,0
1196970.3944236,0
1199312.2569053,0
1200965.5599025,0
1202927.4770872,0
1203941.5983868,0
1203973.4580627,0
1204554.8690881,0
1204648.3119955,0
1204709.3285405,0
1205464.0170498,0
1205477.9846263,0
1206766.0313463,0
1206841.5412188,0
1206865.8270568,0
1206957.5951092,1.1749771817122
1207679.1066928,0
1208607.593781,0
1214390.4670308,0
1215118.6865953,0
1215848.5680767,0
1215985.6976254,0
1216021.9612337,0
1216067.5700771,0
1216069.54731,0
1216857.4853876,0
1217059.2889762,0.62165015959181
1217657.8800229,0
1218085.4098402,0
1218286.6466156,0
1218292.1882157,0
1218299.0969957,0.44872002745979
1223462.6213968,0
1224076.148016,0
1224267.2188092,0
1224407.7919927,0
1225960.7508104,0
1226171.9881558,0
1226208.0232149,0
1226349.2232847,0
1226359.6315865,0
1233271.5083896,0
1234202.155168,0
1234230.452658,0
1234269.9210754,0
1234452.0497534,0
1234656.6528071,0
1236078.8440319,0
1236094.9012585,0
1236128.4550649,0
1236405.859882,0
1237046.4558619,0
1237432.7018002,0
1239459.9722016,0
1241353.0403199,0
1241601.7835278,0
1242639.5330333,0
1243354.7487644,0
1243631.9769564,0
1243638.2295262,0
1243664.8059873,0
1244206.3229983,0
1244224.7327079,0
1244263.0368681,0
1244307.6091061,0
1244460.3482418,0
1244647.2058463,0
1245591.5074285,0
1245746.6220733,0
1246106.3033201,0
1246218.0187336,0
1248041.8021815,0
1248413.7013308,0
1254331.7537991,0
1255630.117744,0
1255707.8998193,0
1255862.812262,0
1256494.9317853,0
1256557.3981139,0
1257537.2140571,0
1258645.5868582,0
1259578.3542717,0
1263753.1002314,0
1264460.0327797,0
1264707.1067035,0
1264752.3741341,0
1264785.6871078,0
1264838.2358809,0
1265993.4831224,0
1266646.199655,0
1266696.5259957,0
1267236.1114428,0
1268408.9821217,0
1269616.3073844,0
1272925.9235252,0
1272969.8078996,0
1274556.4005039,0
1274672.2969382,0
1274969.7569249,0
1275198.0261976,0
1275314.6807052,0
1275392.5038391,0
1275949.1969266,0
1275972.4989236,0
1276339.6724596,0
1276365.9259644,0
1276440.7629115,0
1283363.7030166,0
1283733.9666336,0
1283760.6839806,0
1284543.6343273,0
1284831.3450162,0
1284953.5775013,0
1285412.5950248,0
1285650.0444886,0
1286534.2124337,0
1286574.2460421,0
1287412.8461106,0
1287552.9044495,0
1287626.8504202,8.3356679922435
1288616.1554235,0
1293748.0572205,0
1295307.083818,0
1295799.4324967,0
1296193.4719218,0
1296194.7235711,0
1296793.3360853,0
1299850.245353,0
1303532.4076331,0
1303656.3212295,0
1303698.1646127,0
1303750.1548317,0
1304880.9593472,0
1305357.1934125,0
1305469.2847589,0
1306338.3710353,0
1306430.0785835,0
1306444.1200229,0
1306551.7465066,0
1306584.7683619,0
1306664.7566632,0
1307539.6483985,0
1307625.2215147,0
1307917.5207652,0
1308712.7534464,0
1308722.5054687,0
1308790.0032237,0
1308808.6254843,0
1310280.4138642,0
1312148.4474964,0
1313033.8682564,5.955345509341
1313272.5921774,0
1314231.2036116,0
1314904.6716952,0
1314988.0087504,0
1316175.6578756,0
1316299.6958854,0
1316418.5496876,0
1316430.0506926,9.3095929906704
1316929.2417979,0
1317056.4886153,0
1317920.8225927,0
1317933.5425988,0
1317949.784247,0
1318076.5882789,0
1318116.0452854,0
1318371.3798928,0
1318664.7159181,0
1324049.4790619,0
1325383.6356426,0
1325688.4775392,0
1325731.1083711,0
1326343.407968,0
1326900.7359493,0
1326950.8968877,0
1327818.1422073,0
1328881.9443232,0
1329179.0665285,0
1329495.0547037,0
1332444.9550735,0
1332970.5349643,0
1333121.114598,0
1334978.3041711,0
1335192.6838712,0
1335214.0316265,0
1335267.0170103,0
1335287.5140809,0
1335421.6629817,0
1335458.7048299,0
1336700.6971209,0
1336744.4297918,0
1336892.6235554,0
1337225.3104801,0
1338799.3499579,0
1339188.2750213,0
1340209.0108561,0
1344334.5212975,0
1344394.2579612,0
1345235.125524,0
1345316.7408264,0
1345371.1509704,0
1345694.1366871,2.3528221624438
1345785.7693879,0
1346644.2025792,0
1346804.6252353,0
1346895.5153849,0
1347058.033851,0
1352622.6516904,0
1353679.8495567,0
1355223.1939164,0
1355320.0916112,0
1356054.895851,0
1356111.8808009,0
1356699.5047518,0
1356965.2093037,0
1356977.6683024,0
1357236.9713575,0
1358160.2754636,0
1358700.0113757,0
1359771.7706269,0
1363400.917052,0
1363748.8421223,0
1365153.5643561,0
1365227.5390053,0
1365740.0127717,0
1365755.9429484,0
1366091.9614731,0
1366160.1500219,0
1366417.0267924,0
1366614.5237452,0
1366760.7199225,0
1366856.9695689,0
1367109.0274991,0
1367364.9712407,0
1368222.3510639,0
1369107.0372493,0
1369315.5701339,0
1370862.3067327,0
1375344.5601364,0
1375411.2632004,0
1375739.6670624,0
1376151.7380881,0
1377029.5385645,0
1377156.6682532,0
1377172.7996359,0
1377429.9753471,0
1378269.6653985,0
1379124.3221129,0
1380562.7671781,0
1383753.8727546,0
1384110,1.1122725645546
1384131.6695934,0
1385333.4905238,0
1385544.7627472,13.489189165179
1385649.8279408,0
1385865.0805506,0
1386146.8128271,0
1386171.2061355,0
1386752.7636083,0
1386914.7183834,0
1387532.4436305,0
1387566.9345209,0
1388285.7858298,0
1388362.8612105,0
1389870,2.9291265236679
1389967.8034348,0
1393973.1159166,0
1393985.456279,0
1395443.8307156,0
1395642.6560707,0
1396601.9062735,0
1396751.3888303,0
1397549.343022,0
1398533.3995795,0
1398898.9221498,0.31700465315953
1403030.7507915,0
1404491.5068815,0
1405545.8314384,0
1405764.0935657,0
1406009.6069331,0
1406247.5666296,0
1406613.8138239,0
1407299.4405242,0
1408357.2967852,0
1408403.4590495,0
1408566.8648395,0
1414181.7418112,0
1415600.2972393,0
1415771.0044236,0.28423589700833
1416559.3787163,0
1416654.2069194,0
1416685.3768986,0
1416848.205876,0
1416896.0560044,0
1417206.3011477,4.7509350783657
1417732.3613113,0
1417772.0040796,1.5028476503212
1417803.6291745,0
1417900.1507566,0
1418682.9628721,0
1418727.4881091,0
1418855.2529654,0
1419385.9986865,0
1420095.2977526,1.8556971873622
1421207.2281549,0
1423853.4637707,0
1425070.6970763,0
1425874.9631766,0
1426683.7668861,0
1426724.1039382,0
1427148.3505864,0
1428776.010812,0
1429815.9120749,0
1429936.8886334,0
1435813.9898077,0
1435814.548196,0
1435838.4175182,0
1436032.9054855,0
1436109.9992483,0
1436481.6050623,0
1436504.1434893,0
1437249.0407756,0
1437518.1806724,0
1437720.5388712,0
1437822.0398824,0
1438050.3155533,0
1438753.1423186,0
1439267.8579622,0
1439623.2032589,0
1440161.2704287,0
1441356.6397005,0
1443237.0197531,0
1445067.8813912,0
1445167.4749654,0
1445839.3540978,0
1445911.4670803,0
1446053.9369005,0
1446682.2612886,0
1447525.2577442,0
1447675.8946696,0
1448129.2139368,0
1448151.9201468,0
1448668.9355841,0
1448983.4714941,0
1449001.5356153,0
1449668.3957736,0
1450350,5.0807650748175
1454259.349962,0
1454353.706062,0
1455249.3174685,0
1455307.9796949,0
1455938.3570168,0
1456009.8461522,0
1456037.1227645,0
1456260.8249818,0
1456709.638382,0
1456726.0586476,0
1457721.4633063,0
1457885.1589615,0
1458801.278012,0
1459015.5726138,0
1459152.2856142,0
1459374.6784037,0
1463341.3896058,2.2954829062801
1464406.0916641,0
1466026.5402115,0
1466332.2449329,0
1467425.4219791,0
1467653.5676525,0
1467868.3650284,0
1467960.6689765,0
1468173.1469212,0
1468235.5609632,0
1470202.2719205,0
1471297.7646195,0
1476123.5341586,0
1476149.5350251,0
1476197.4986759,0
1476315.8155673,0
1476462.5725278,0
1477115.4763341,0
1477459.4658716,0
1477550.5759021,0
1477676.5674581,0
1477972.5745629,0
1478155.0688501,0.20936588407494
1478229.0294818,0
1478329.4100714,0
1480292.0059154,0
1480415.6480666,0
1480717.8110463,0
1481599.245986,0
1483542.6305187,0
1485194.4689352,0
1485295.2055257,0
1486365.0169647,0
1486532.8664327,0
1487131.0966097,0
1488029.509349,0
1489054.7982287,0
1489066.3820275,0
1489116.6752097,0
1489287.1430467,0
1490047.3005133,0
1490101.5567808,0
1490347.1662631,0
1496505.6113858,0
1496522.4896063,0
1496567.187907,0
1496821.1166898,0
1497426.2778602,0
1497624.6634572,0
1498020.1772418,0
1498277.2307082,0
1498377.2673846,0
1498418.8711769,0
1498460.3009519,0
1499056.6783516,0
1499173.0712304,0
1499436.9671831,0
1504976.408247,0
1506350.9109435,0
1506380.0907236,0
1506642.1597645,0
1506675.2805998,0
1506731.8275495,0
1507653.8277987,0
1507836.0163267,0
1508212.1455665,0
1509798.4274528,0
1511896.9619803,0
1515629.4835847,0
1515761.5715371,0
1516748.0673678,0
1516763.3014656,0
1516834.1112334,0
1516899.1608435,0
1518016.0364862,1.0852463510819
1518201.9308335,0
1518314.109221,0
1519514.4197968,0
1519904.1391004,0
1521876.6668062,0
1526604.3462129,0
1526734.8925503,0
1527150.7194569,0
1527152.2943941,0
1528408.0955843,0
1528726.2716229,0
1529550,11.548096333165
1529707.5521795,0
1531198.2180894,0
1531793.9631515,0
1534666.9465306,0
1536833.0497477,0
1537607.5846964,0
1537802.9275049,0
1538405.8507326,0
1538684.3368398,0
1539731.4116935,0
1541070.320471,4.1709612582345
1541142.1592451,0
1546728.938078,0
1546968.0429066,0
1547356.1669654,0
1547991.6280033,0.2254447825253
1548609.2705659,0
1548797.8757386,0
1548892.1039416,0
1548955.2648387,0
1549710,1.72578783473
1549963.9541356,0
1550729.572986,0
1551990.3371899,0
1552172.8937186,0
1554126.3624026,0
1554749.9403344,0
1555946.6595987,0
1556038.7088507,0
1556720.7326931,0
1556871.8825173,0
1556917.5985118,0
1556999.3709954,0
1557407.8481603,0
1557781.8325736,0
1558021.3155194,0
1558082.477976,0
1558198.7634528,0
1558574.970342,0
1558584.8576253,0
1558589.2165682,0
1558639.092033,0
1558679.1195533,0
1558875.423997,0
1558886.0319006,0
1558969.1026743,0
1559620.5204373,0
1559753.5932875,0
1559756.2788149,0
1559827.8982929,0
1560153.9027896,0
1560613.8034252,0
1561131.5838215,0
1561230.7323033,14.050684569171
1561418.6928041,0
1561982.25991,0
1565348.1155691,0
1565563.8783904,0
1566875.858823,0
1566992.6414081,0
1567186.0466955,0
1567562.3224314,0
1568373.6957218,1.9577155245934
1569002.4499351,0
1569047.1180734,0
1569049.7675597,0
1569811.1360602,0.28776215971448
1570729.6279635,0
1570905.3550297,0
1571260.8303009,0
1575772.5410744,0
1577171.180923,0
1577315.0746953,0
1578422.727703,0
1578593.1689433,0
1578625.2921196,0
1579131.7106472,0
1580849.2572125,0
1581253.6935319,0
1585784.1809237,0
1586030.2262891,0
1586980.6978577,0
1587907.7771167,0
1588061.4300163,0.30962570593692
1588348.941313,0
1588551.8542949,0
1588862.9917444,0
1590248.8956234,0
1591106.4772977,0
1596284.0640583,0
1597241.9621684,0
1598001.2380247,0
1598399.8343845,0
1598602.2963071,0
1598722.0211361,0
1598953.1788285,0
1599190.586158,0
1600011.8823123,0
1600147.7817836,0
1601230.0558595,0
1601393.0442242,0
1604380.6866118,0
1605317.0781461,0
1606117.9391491,0
1606411.1533163,0
1607089.9685953,0
1607424.7301159,0
1608191.3736495,0
1609230.6707557,0
1610837.046218,0
1612526.5084412,0
1617165.6984012,0
1617233.965598,0
1617609.8331745,0
1617624.2101821,0
1617745.9430583,0
1617809.7997883,0
1618354.660623,0
1618571.4436461,0
1618625.2207389,0
1619246.1917738,0
1619345.9303741,0
1620049.1444563,0
1620151.9782142,0
1627793.0410122,0
1628071.25252,0
1628432.9098759,2.952263088664
1628498.0575103,0
1628595.8582254,0
1628893.911109,1.7267247454729
1629099.8686694,0
1629139.0847392,0
1629323.4301709,0
1629473.3068875,0
1629582.4760944,0
1630554.0805895,0
1630554.7006413,0
1630593.2683825,0
1631358.5630263,0
1634411.0764233,0
1634601.9305903,0
1635699.8345514,0
1635706.5549316,0
1636476.8707507,0
1636728.1705234,0
1637341.4172818,0
1637567.6109545,0
1638827.9193006,0
1638863.1478217,0
1639549.5626702,0
1640490.726408,0
1641013.7194841,0
1641448.921065,0
1641457.3768121,0
1647577.070568,0
1647721.3471031,0
1647723.0362174,0
1647863.9484414,0
1649092.3854957,0
1649513.3903486,0
1650335.3951809,0
1650403.1280477,0
1650530.7821232,0
1651228.1454007,0
1652087.4592432,0
1652861.2369459,3.2033489565365
1656733.2468748,0
1656902.6782496,0
1657500.274613,0
1657521.5536044,0
1657910.4273481,0
1659445.8106556,0
1659509.1162293,0
1659675.5304714,0
1659702.7731881,0
1660429.1009807,0
1660822.8930407,0
1661488.1434501,1.2048065830022
1661599.322711,0
1661681.2486399,0
1661971.99729,0
1665074.7861937,0.093462027143687
1666458.8334457,0
1667598.1290217,0
1667764.1595457,0
1668285.5485239,0
1668474.7235383,0
1670406.1107739,0
1671445.6779966,0
1672886.9894384,0
1672916.6341562,0
1673246.207178,0
1676207.6123399,0
1676754.898184,0
1676807.6170978,0
1677616.0999448,0
1677724.298364,0
1677886.0452627,0
1678052.8003644,0
1678679.4288673,0
1679292.3868953,0
1679489.1537487,0
1679567.9697181,0
1679670.1051853,0
1679673.2872723,0
1682028.3171127,0
1684884.3936791,0
1686039.6460596,0
1686669.1417365,0
1687050.7090259,0
1688099.8241,0
1689489.3344173,0
1689511.5523432,0
1689889.6481521,0
1690780.3591139,0
1696418.0824846,0
1696807.3401363,0
1698209.8485431,0
1699322.1239183,0
1699715.3042686,0
1699767.6079456,0
1700832.6436059,0
1706096.9321593,0
1708293.8366115,0
1709246.7571142,1.4645009269007
1709616.5013339,0
1709622.2686716,0
1709803.993967,0
1710154.1786688,0
1710923.723078,0
1711038.4622009,0
1711120.7023233,0
1711722.505689,0
1712225.7498988,0
1712535.2725925,0
1717079.17151,0
1717263.1170116,0
1717999.1645115,0
1718130.0404643,0
1718384.6983113,0
1718928.5622205,0.73556792270392
1718956.5048204,0
1719042.4318256,0
1719656.4468783,0
1719864.0768201,0
1719971.9752743,0
1720035.3714722,0
1721388.0848381,0
1727222.1547849,0
1728125.3834433,0
1729548.8393762,0
1729955.3007213,0
1731232.782803,0
1733343.208231,0
1733576.3539331,0
1735400.5142467,0
1737468.0559567,0
1738091.8855222,0
1739515.4656499,0
1739605.0749825,0
1740155.6378774,0
1740237.7479167,0
1748335.2668158,0
1748485.3780633,0
1748548.1967016,0
1748729.6274986,0
1749924.7352009,0
1750070.4631725,0
1750287.7562375,0
1750541.1390393,0
1751509.4531116,0
1752520.6796296,0
1757351.1864209,0
1757474.3134319,0
1758352.147231,0
1758374.9263352,0
1758525.223052,0
1758680.7739472,0
1758680.9593549,0
1758932.2711676,0
1758978.608174,0
1759064.333816,0
1759087.9824551,0
1759415.4945899,0
1759543.0990489,0
1759939.3594407,0
1759950.3107182,0
1760439.6050665,0
1761233.7617328,0
1761478.3919914,0
1762961.9335185,0
1767379.8073338,0
1767760.1163256,0
1768441.6770911,0
1768486.8254847,0
1770292.4544145,0
1770345.3562863,0
1770588.3164652,0
1770628.05475,0
1771448.6679183,2.5957234913949
1771471.6947145,0
1771614.5836581,0
1771631.0631273,0
1777655.0643121,0
1777857.8618496,0
1778551.3644943,0
1778873.2863246,0
1779909.7392647,0
1780404.6109645,0
1780737.6800859,0
1781519.395882,3.8233422953635
1782362.7004536,0
1782935.8102691,0
1785863.3332568,30.509892756585
1786791.9093571,0
1787944.7999823,0
1787974.8674098,0
1788595.3137386,0
1788958.9211594,0
1790139.4819573,0
1790444.8889126,0
1791443.4111484,0
1791624.1603756,0
1791764.1057975,0
1791868.6108043,0
1796044.3685814,0
1797740.0077933,0
1798655.2944969,0
1799039.3777045,0
1799270.3439922,0
1800151.4221411,0
1800366.3954253,0
1800853.8145979,0
1801650.8826506,0
1803874.8260021,7.3763623847626
1807375.6024182,0
1808917.0899845,0.21234344760887
1809134.8761628,0
1809442.2080463,0
1810135.0673124,0
1810265.0892541,0
1810605.7303392,0
1810769.4777016,0
1810909.4156459,0
1811791.8196231,0
1814362.6836242,0
1815939.54214,0
1816956.6345261,0
1818751.8059683,0
1818817.9441997,0
1820083.5375317,0
1820220.439462,0
1820307.5308865,0
1820561.9407657,0
1821632.8263607,0
1822874.4928813,0
1824359.9540769,0
1824471.2714929,0
1828839.7885335,0
1828930.1145938,0
1828941.1908542,0
1829142.5503865,0
1829653.4961824,0
1830262.7287262,0
1830441.3685164,0
1830514.4607349,0
1830992.9725795,0
1831055.4645708,0
1831939.0189574,0
1834330.4807826,0.013137706555426
1834477.6402346,0
1837282.2417628,0
1837956.1205042,0
1839019.5856911,0
1839233.4635352,0
1839641.8074115,0
1839726.3983843,0
1840316.9360654,0
1840910.8830435,0
1840938.7656971,0
1840951.057167,0
1842184.0890674,0
1842185.9055094,0
1842807.8146191,0
1843528.2349768,0
1843593.4984546,0
1844527.1402602,0
1847665.3485154,0
1848143.644707,0
1848427.2112082,0
1849346.8947468,0
1849385.2133686,0
1849817.3630495,0
1850545.9615549,0
1850637.7230775,0
1850703.2379153,0
1851158.0170506,0
1852966.2231314,0
1853009.7286159,0
1853236.7576498,0
1854510.8440834,3.3350376652088
1859282.0807591,0
1859469.592789,0
1859703.0005713,0
1860841.4435377,0
1861101.8900344,0
1861114.5550385,0
1861954.5729894,0
1862286.6697285,0
1862763.6198828,0
1862986.8734778,0
1863317.5971412,0
1864540.1665107,0
1867591.5359471,0
1869209.8811144,0
1869494.891789,0
1870223.7162008,0
1870292.521511,0
1870929.1023615,0
1871212.9416765,0
1871316.6374848,0
1871372.5634512,0
1871405.7241974,0
1872229.3797205,0
1873366.3854884,0
1873736.7621214,0
1874661.1325827,0
1876682.4224336,0
1876790.2268241,0
1877906.4373996,0
1879359.2800326,0
1879389.7167661,0
1879571.4210548,0
1879862.3012906,0
1880261.7189458,0
1881118.9554003,0
1881447.2825924,0
1881551.0612262,0
1882175.839284,0
1882257.2893538,0
1882366.6728458,0
1883072.4008482,0
1883517.3054659,0
1883524.8981355,0
1883885.5920915,0
1890245.6789533,0
1891083.5385871,0
1891245.2824277,0
1891316.2947735,0
1891467.8498544,0
1892467.9718805,0
1893441.8130241,0
1897527.8624046,0
1899925.6597389,0
1899954.007518,0
1900103.9052137,0
1900379.9687369,0
1900448.6054849,0
1900545.7432229,0
1900816.502962,0
1902650.40005,0
1902734.3901433,0
1903170.0847443,0
1903461.0076056,4.5973554651719
1903677.9084595,0
1908029.4254777,0
1908920.8736549,0
1909700.7370148,0
1909819.6771741,0
1910025.6584991,0
1910193.8044451,0
1910632.7147694,7.8448314981069
1911287.8144571,0
1911480.8847695,0
1911532.829572,0
1912396.5488047,0
1912529.3135091,0
1912791.8284056,0
1913228.8795779,0
1918195.8933207,0
1918588.9661811,0
1918984.1401957,0
1920042.694262,0
1920198.3716219,0
1922528.2726828,0
1924142.6136929,0
1928300.4170871,0
1928829.8843344,0
1929641.4377387,0
1929775.6628132,0
1930125.2179259,0
1930293.855535,0
1930298.2073239,0
1930658.458655,0
1930923.4226236,0
1931073.1932728,0
1931279.2616376,0
1931307.5863498,1.9032521983609
1931597.0377911,0
1931600.2225507,0
1931703.0787574,0
1931804.094356,0
1931848.2871136,0
1931953.0887478,0
1933546.4075649,0
1936997.3045365,0
1939811.9879625,0
1939905.5099858,0
1939906.8543515,0
1940434.7084195,0
1941341.6033997,0
1941789.1596334,0
1942749.0338338,0
1943022.3042571,0
1943789.7355492,2.545486087678
1944052.0948403,0
1944115.7011652,0
1945401.0320846,0
1949808.6721286,0
1949815.2000359,0
1949916.3515317,0
1950139.261045,0
1950677.8192642,0
1950735.5064743,0
1951545.0306822,0
1951762.8764522,0
1951985.1032618,0
1953376.2941948,0
1955137.5371943,0
1955365.1487542,0
1957143.8641006,0
1958789.1688167,0
1960118.4565073,0
1960452.7225901,0
1960928.4305178,0
1961074.9956925,0
1961539.6289551,13.797311312985
1961644.6557524,0
1961691.5831424,0
1961859.2556297,0
1961874.5819739,0
1961876.6657913,0
1961940.1979125,0
1962012.7221633,0
1962100.5300825,0
1962925.2273096,0
1963246.6845851,0
1963283.3969184,0
1964195.1405585,0
1965588.7266104,0
1969054.1518882,0
1969940.2408191,0
1970149.8095843,0
1970340.9229529,0
1970380.6960086,0
1970853.5774151,0
1971401.5155068,0
1971646.6488202,0
1971813.0698788,0
1972022.0604239,0
1972240.285328,0
1980408.8868207,2.4682841571048
1980465.0137997,0
1980477.4928379,0
1980650.745374,0
1982255.3374294,0
1983280.3498984,0
1983529.7383629,0
1984144.9077177,0
1984243.327302,0
1988635.4535736,0
1990209.7178795,0
1990549.1685937,0
1990654.212898,0
1991013.2447999,0
1991264.8957517,0
1991485.8974995,0
1991588.8468601,0
1992305.016426,0
1992316.0996652,0
1994834.4175902,0
1995387.4576032,0
1999476.0644093,0
1999530.6836261,0
2000457.9398409,0
2000731.2119684,0
2001369.7989065,0
2001989.3590601,0
2002447.2822548,0
2009348.6967456,0
2009456.7272381,0
2009612.5379171,0
2010788.8099989,0
2011568.3005244,0
2011982.8802708,0
2012127.5316891,0
2012430.7404878,0
2013265.2190067,0
2013438.5821253,0
2014446.2815639,0
2017917.5915503,0
2018785.231279,0
2019547.2892851,0
2019746.1924694,0
2020380.2760818,0
2020663.0031554,0
2020723.4256341,0
2022247.6513439,0
2022651.8748756,0
2023444.9921926,1.4256060756743
2023494.2499562,0
2023649.9170454,0
2023667.1459404,0
2029053.2351811,0
2029717.5324124,0
2030841.9614697,0
2031071.7314769,0
2031243.2969789,0
2032374.4266591,0
2032518.1858328,0
2032553.2757459,0
2034175.2710049,0
2034407.6044166,0
2034457.1054355,0
2034588.7360867,0
2035876.1400359,0
2038718.1803362,0
2039384.7079474,0
2040485.1352346,0
2041166.5661213,0
2041427.7252596,0
2041552.5824032,0
2041962.0453066,0
2042551.8987006,0
2042823.0945273,0
2043472.3990496,0
2044249.054846,0
2048818.2657132,0
2050757.4329548,0
2050830.1618544,14.192647735123
2051347.697155,0
2051641.6124756,0
2052576.3079634,0
2052732.2460521,0
2052732.7531802,0
2053471.3032649,0
2053756.0529726,0
2054007.3584079,0
2056210.0617671,0
2060958.1351169,0
2061125.53629,0
2061554.3268779,0
2061870,7.4745017031673
2062221.7685955,0
2062623.2899168,0
2062691.0110386,0
2062691.8290433,0
2062785.2475258,0
2063687.3001087,0
2063713.3336091,0
2063941.8784479,0
2064598.6144763,0
2065334.7153325,0
2066332.6187296,0
2068227.0338048,0
2068871.4679719,0
2068918.661074,0
2069870.3543089,0
2070829.8482091,0
2071013.2283975,0.59565964201465
2071641.9081469,0
2071805.8341906,0
2072259.0260473,0
2072587.4323355,0
2076001.6405558,0
2076212.8398602,8.6136972261593
2078092.1790592,0
2078181.9838556,3.4922835847829
2078344.9642424,0
2081101.303679,0
2081453.6575683,0
2082290.6292876,0
2082712.7522795,0
2082949.7699056,0
2082986.4018807,0
2083077.8177235,0
2083989.6186828,0
2084000.2332362,0
2084184.1149231,0
2086214.4180226,0
2091574.5877028,0
2091873.0980375,0
2092507.4322553,0
2092644.0893801,0
2092714.65796,0
2092816.9253921,0
2093052.4912229,0
2093087.5390828,0
2093204.1139552,0
2093807.0064884,0
2098381.3822568,0
2098529.7508495,0
2101067.7843257,0
2101253.0654031,0
2101411.7920066,0
2101594.3708394,0
2101754.565464,0
2102253.2678999,0
2102532.7210025,0
2102815.9079138,0
2103318.6095956,0
2103870.1084221,0
2103921.533141,0
2108514.0764933,0
2109837.2504808,0
2110139.9500982,0
2110349.5236795,0
2111351.7426477,0
2111404.4296859,0
2111488.5842981,0
2111741.2907986,0
2113093.0623144,0
2114018.262915,0
2114161.8562937,0
2115260.0885799,0
2116429.9367469,0
2116578.3132808,11.518865882885
2116767.3886626,0
2119987.1904329,0
2120609.1654922,0
2121138.054749,0
2121269.5676934,0
2121445.1362374,0
2121500.9452621,0
2122756.7547392,0
2122840.7920117,0
2123046.8601463,0
2123072.1510992,0
2124334.3418721,0
2126541.976349,0
2126629.5117424,0
2130288.1357216,0
2131265.6380913,0.29090754874051
2131524.0756585,0
2131590.7810896,0.19148257467896
2131592.301959,0
2131655.2025174,0
2131674.1905359,0
2131967.3738235,0
2132724.4253931,0
2132793.2087814,0
2133319.0846965,0
2133342.4747396,2.5814191275276
2133556.5202449,0
2135478.9780822,0
2138458.9427637,0
2138565.6310256,0
2140454.4965179,0
2140590.1090617,0
2141301.5439524,0
2141804.458129,0
2143083.249205,0
2143146.6458083,0
2143475.6611771,0
2143559.9820087,0
2143563.4079405,0
2143640.9781229,0
2143652.4741586,0
2144717.2444833,0
2145120.2670335,0
2145504.339737,0
2145602.3562897,0
2145922.3506172,0
2145994.7931777,0
2146606.1268404,0
2146714.293396,0
2148521.3654453,0
2150325.8029997,0
2151380.808414,0
2151449.4327541,0
2151749.3421443,0
2152620.4204129,0
2153248.6301485,0
2155099.7371408,0
2157008.9351502,0
2158597.3166244,0
2160591.4232992,0
2160876.4896908,0
2161684.1339233,3.1855222685263
2162253.3822101,0
2162741.6041435,0
2162804.0451865,0
2162836.3911015,0
2163012.6351815,0
2163134.2638095,0.39217742625624
2163713.4218432,0
2163828.4996744,0
2164342.8743964,0
2164664.312707,0
2164703.4442024,0
2165773.0867773,0
2166783.9342784,0
2166880.8005658,0
2167046.1416765,0
2170517.6272875,0
2171558.1100251,0
2171607.2270496,0
2172344.7276771,0
2172417.4011868,0
2172448.1913961,0
2172587.870922,0
2172707.1618586,0
2173110.060363,0
2173690.5062951,0
2174841.374014,0
2174988.0089383,0
2175838.5832171,0
2177127.4610322,0
2177181.6771169,0
2180708.6191474,0
2181777.5902854,0
2181806.365821,0
2181876.0496606,8.4057998289354
2182152.3020355,0
2182310.2438363,0.77619377570227
2182448.0815574,0
2182468.4490675,0
2183467.3310083,0
2183496.2805331,0
2183573.6917285,0
2183679.4891215,0
2185404.0118576,0
2185928.5131656,0
2190795.786049,0
2190996.8663487,0
2191140.7326981,0
2191804.8335996,0
2192128.6092598,0
2192584.1858554,0
2193777.4113653,0
2194821.3241862,0
2194838.7441905,0
2194985.5451084,0
2195760.2420859,0
2195935.002678,0
2196277.2061955,0
2199114.6364388,0
2201838.8547645,0
2202057.3661132,0
2202164.5658951,0
2203368.4840548,0
2203546.0554658,0
2203966.1052077,16.279174853582
2204018.7923872,0
2204043.9480051,0
2204859.8066318,0
2205509.7737442,0
2206080.4947847,0
2210829.1063349,0
2212056.4664544,0
2212514.8947674,0
2213176.8403109,0
2213477.17224,0
2213705.9233741,0
2214098.9341362,0
2214988.1616595,0
2214991.2850653,0
2215491.4905659,0
2219204.8213146,0
2220400.9047813,0
2220442.2065663,0
2220924.6036216,0
2221350.4986987,0
2223525.8638549,0
2223772.8506784,0
2224235.4865859,0
2224864.4125228,0
2226181.7737688,0
2226222.7181514,0
2226647.599808,0
2232151.9648521,0
2232167.8903598,0
2232256.740211,0
2232909.2885953,0
2233129.0260938,0
2233208.3901713,2.3315535956062
2233667.8295121,0
2233897.3224084,0
2233918.0761293,0
2234003.8886925,0
2234101.2731662,0
2235218.9632727,0
2235311.4972594,0
2235339.6687235,0
2235574.0977779,0
2235906.5838997,0.3241170393303
2236449.3189932,0
2236784.9949393,0
2240163.487997,0
2241165.9236176,0
2241467.6143084,0
2242530.5434492,0
2243149.3985729,0
2243332.8255961,0
2243384.3592188,0
2243682.3200273,0
2243968.7840204,0
2244032.3644182,0.09055603062734
2244097.6386852,0
2244119.2598799,0
2244141.1686423,0
2244275.1304411,0
2245806.0795862,0
2247518.8579608,0
2250575.2867699,0
2250929.1327888,0
2252509.5154186,0
2252535.4065779,0
2253007.7435825,0
2253008.0254852,0
2254233.9677996,0
2254482.6862552,0
2254533.800549,0
2255087.8766136,0
2255579.0833213,0
2256250.4673002,0
2256299.1942579,0
2256683.037959,0
2257440.7149881,0
2257616.4773035,0
2262510,11.844362528995
2262570.6307246,0
2262983.1169462,0
2263854.6757756,0
2264185.619191,0
2264598.7760217,0
2264632.6132281,0
2265369.3079225,0
2265461.5126688,0
2265479.5665991,0
2265510.7142327,0
2266571.6609962,0
2266868.7890945,0
2266916.6536699,0
2269652.8093759,0
2271452.1406301,0
2271517.7705047,0
2272357.4914384,0
2272457.1635898,0
2272564.4271605,0
2273790.3790503,0
2274427.2734215,0
2274453.7174944,0
2275408.3493012,0
2276163.1309715,0
2279680.7016417,0
2282490.2326718,0
2282513.6829454,0
2282689.3335562,0
2283524.6486419,0
2284280.7682431,0
2284367.9409211,0
2284408.2030006,0
2284419.4471874,0
2284486.1124194,0
2284726.8291059,0
2285281.5761612,0
2285386.3883437,0
2285726.0854233,0
2286300.2919495,0
2286325.2408819,0
2291980.50131,0
2292498.3259667,0
2292742.6593751,0
2292830.4419522,0
2294376.2492551,0
2294406.598188,0
2294649.2927031,0
2295748.9402854,0
2295877.8529773,0
2296776.7171889,0
2296868.7794115,0
2299794.628422,0
2302838.7011254,0
2302842.5949739,0
2302848.564054,0
2304141.0460731,0
2304168.332789,0
2304923.7977068,0
2305732.7136635,0
2305842.0109596,0
2305908.2109868,0
2306795.4035419,0
2311943.5405351,33.46314805001
2312849.6673852,0
2312984.8150924,0
2313121.7929225,0
2313675.9050622,0
2314794.9392614,0
2314822.1577967,2.252468269784
2314918.921532,0
2315526.6911788,0
2316275.6296452,0
2323092.3634654,0
2323369.9755851,0
2325002.666156,0
2325985.6968818,0
2326222.7227625,0
2326915.3477424,0
2331980.4131001,0
2333371.7916061,0
2333605.3101851,0
2333689.8223764,0
2333711.771111,0
2334391.2362653,0
2334931.3221654,0
2337011.7237511,0
2343348.8838605,0
2343496.6141683,0
2343505.8396764,0
2343921.6035575,0
2344181.2447316,0
2344637.182402,0
2344765.5093151,0
2344944.3465219,0
2345014.147199,0
2345781.486949,0
2345949.5140442,0
2346105.8173068,0
2348395.7716559,0
2351623.6951616,0
2353055.0464321,0
2353358.5513123,0
2354192.1486789,0
2354368.5155295,0
2354435.5262333,0
2354716.7406735,0
2354805.6227832,0
2354934.5121008,0
2354946.9146395,0
2355316.98765,0
2356194.3439548,0
2356261.1711172,0
2356896.6233355,0
2357440.0728278,0
2357653.0271946,0
2361319.7028474,0
2363291.3877987,0
2363325.0519073,0
2363409.3650696,0
2363464.0754723,0
2364527.1657999,0
2365184.8951227,0
2365228.0206548,0
2365301.5186999,0
2366507.7248277,0
2367202.5501949,0
2371780.7612724,0
2373905.7536361,0
2375174.7052543,0
2375201.7084525,0
2375365.4837376,0
2375470.2528877,0
2376360.7283194,0
2377192.6055553,0
2377603.339505,0
2378547.6195745,0
2378762.4242565,0
2382148.1488098,0
2383691.9441712,0
2384011.4578186,0
2384630.6565878,0
2384757.5824181,0
2384769.3330018,0
2385053.3536329,0
2385105.3742615,0
2385268.6860643,0
2385401.309052,0
2386176.4318102,0
2386557.1696492,0
2387810.5303116,0
2391388.5622211,0
2391823.9575005,0
2392003.1163331,0
2392246.116303,0
2392566.1957837,0
2393315.9289223,0
2393361.0320212,0
2393829.0756321,0
2394044.5736955,0
2394797.756173,0
2395299.5183686,0
2395508.5151131,0
2396169.9980959,0
2397252.4123019,0
2397426.7223121,0
2402231.4730187,0
2403406.1248585,0
2403428.0029593,0
2403667.5785446,0
2405172.5910202,0
2405466.673352,0
2405609.1663165,0
2405622.0283487,0
2406889.4135846,0
2407584.4672559,0
2407966.5240349,22.948670437559
2408046.6804435,0
2410989.8354743,0
2411613.8695309,0
2412620.8477676,0
2412691.2514388,0
2412835.5989199,0
2413467.9680301,0
2413533.0391335,0
2413917.1938662,0
2413942.3061692,0
2414010.4147727,0
2414424.9072946,0
2414670.5439531,0
2414908.3947642,0
2415427.6307842,0
2415573.3587665,0
2416345.610596,0
2416488.0166311,0
2417555.0377144,0
2417582.5079296,0
2418019.9481306,0
2418838.9714828,0
2420833.7441094,0
2422269.2239075,0
2422878.8288856,0
2424043.6825067,0
2424167.4596529,0
2424603.5522022,0
2424680.7623047,0
2425022.5848644,0
2425388.1911252,0
2425414.8237009,0
2425451.2053548,0
2425818.6914961,0
2425834.4967105,0
2426402.646328,0
2427348.6788168,0
2427429.484386,0
2427639.5863477,0
2427910.3321545,0
2428195.9475845,0
2432228.9734764,0
2432998.0034664,0
2433691.1319789,0
2433691.492629,0
2433762.3651757,0
2435071.1581914,0
2435609.9864458,0
2436549.825146,0
2437600.8978536,0
2438158.9691868,0
2438323.6216924,0
2438363.9184181,0
2438395.4961822,0
2440824.4643499,0
2442397.715969,0
2443930.3914271,0
2444015.1533686,0
2444132.3943974,0
2444381.5097199,0
2444639.2461869,0
2445331.0455504,0
2445404.2232543,0
2445850.6830297,2.2610437138937
2445931.8733649,0
2445953.3717052,0
2446074.4094987,0
2446602.7886306,0
2446943.0791309,0
2447977.7044256,0
2453783.5015791,0
2454339.9901113,0
2454583.494139,0
2454633.4829814,0
2454713.0435637,0
2454927.3984245,0
2455777.364376,0
2455804.5955131,0
2455858.3725993,0
2456005.0268088,0
2456029.2471629,0
2456764.9786002,0
2458001.6613242,0
2459510.8504954,0
2464174.8320575,0
2465098.8902584,0
2465408.0935036,0
2465856.3954376,0
2465875.5240062,0
2466223.3979432,0
2466943.3759487,0
2469197.5226673,0
2469343.8315729,0
2469503.8727336,0
2473935.9212359,0
2474121.8627463,0
2474678.0648313,0
2475866.2907507,0
2476862.0007375,0
2478512.923527,0
2479493.0298837,0
2483158.1337113,0
2484322.99516,0
2484324.9178009,0
2484370.9254291,0
2486199.8220458,0
2486973.8870373,0
2487013.5669359,0
2487188.0817577,0
2487905.2966486,0
2488227.8803,0
2489386.1492566,0
2493245.7002285,0
2493576.2712294,0
2494087.4116947,0
2494245.2791419,0
2494347.016186,1.1908409167081
2494393.3520685,0
2494623.2239631,0
2495195.6343942,0
2495912.4472016,0
2496018.9764703,0
2496128.8943932,0
2496323.2918813,0
2496429.7589004,0
2497387.406835,0
2497585.7538915,0
2497677.889963,0
2498074.5318112,0
2498424.5108395,0
2499462.0349325,0
2503590.268377,0
2503612.6698763,0
2504312.7353243,0
2505023.8486827,0
2505667.0218291,0
2506071.3460561,0
2506127.0685047,0
2506204.8109234,0
2506434.614712,0
2507294.7915918,0
2511679.3331059,0
2513473.2234998,0
2514254.6577763,0
2514266.9877119,0
2514290.7800054,0
2514406.0724792,0
2515393.4847158,0
2515543.936045,0
2515578.7533212,0
2516109.8581495,0
2516115.8914138,0
2516344.9283035,0
2516348.9543243,0
2516438.5976872,0
2517389.2568174,0
2517490.0345674,0
2517509.5046247,0
2517843.7835038,0
2519838.4501511,0
2523464.9912014,0
2523826.096011,0
2524910.5745419,0
2524962.7991254,0
2526050.391146,0
2526599.3345384,0
2527537.133963,0
2527782.3039759,0
2529895.686825,0
2533462.8852343,0
2533642.3870227,0
2534606.5788158,0
2535470.4519426,0
2536358.6839858,0
2536447.4927723,2.9644084656611
2537586.830364,0
2537619.8490337,0
2539189.2157542,0
2543594.5837932,0
2544721.189465,6.7248805090785
2545456.1696889,0
2545960.5754622,0
2546796.024926,0
2547581.4453515,0
2548329.7241626,0
2548505.4411532,0
2554560.3819848,0
2554759.8612119,0
2555322.9021098,0
2556167.8329168,0
2556198.1295042,0
2556478.556215,0
2556506.7403712,0
2556541.1355503,0
2556576.141137,0
2556653.5809525,0
2556846.0859575,0
2556915.6148296,0
2557843.465995,0
2557859.0231478,0
2563644.9046308,0
2564766.9906484,0
2564982.720886,0
2565287.9781005,0
2565491.8769198,0
2565758.0504383,0
2565795.2938727,0
2565870.2744369,10.309128285851
2566222.2717429,0
2566711.6702567,0
2566841.5035208,0
2566873.9268133,0
2566887.1401454,0
2567033.5531113,0
2567526.8686098,0
2567885.3467475,0
2568515.5155363,0
2574094.2220056,0
2574904.7120027,0
2575404.5793837,0
2575545.1138694,0
2575753.483781,0
2575819.6680404,0
2576576.32106,0
2576654.8091079,0
2576660.6372899,0
2576724.4713202,0
2577090.2521128,0
2578028.2302652,0
2578321.1085601,0
2578530.3968628,0
2578585.9785389,0
2578799.8542203,0
2580315.3180983,0
2580422.8303955,0
2582327.9714906,0
2585059.8454094,0
2585591.8673479,0
2586766.0829637,0
2586766.1687847,0
2586937.2142616,0
2586989.4432988,0
2587883.4473479,0
2588616.5370121,0
2593180.1834692,0
2593393.8010366,0
2594119.0966131,0
2594950.5536143,0
2596114.850869,0
2596455.2605742,0
2596526.9746335,0
2596574.0111516,0
2596905.4876179,0
2597784.1267191,0
2597848.5157895,0
2600440.1820342,0
2603893.4346529,0
2605027.3474856,0
2605032.3308577,0
2605209.7553973,0.2316047209315
2605211.0941083,0
2605541.6136457,0
2605817.7512678,0
2606397.5916729,0
2607058.9983897,0
2607855.6670509,0
2610618.8563153,0
2612625.4004083,0
2613136.2892027,0
2613379.7209682,0
2614188.7710521,0
2614343.8936824,0
2614420.132222,0
2615376.7637576,0
2615927.9790903,0
2616000.6152487,0
2616282.3886724,0
2616925.8956417,0
2616968.7511712,0
2617057.3988321,0
2617084.174489,0
2617132.8718394,0
2617939.190704,0
2618018.3995372,0
2618115.9512039,0
2618921.2955066,0
2619131.3076315,0
2619465.8402125,0
2623764.2369103,0
2625234.6453894,0
2625242.8649028,0
2625652.2122471,0
2626374.1847588,0
2626605.2435447,0
2626866.0362443,0
2627149.6424899,0
2627288.5798765,0
2627295.926701,0
2628258.5930292,2.6550230002031
2629183.4680652,0
2634177.985416,0
2635245.1421681,0
2635652.8991598,0
2636430,8.8056797618046
2636586.1085508,0
2636725.4816841,0
2637132.4378581,0
2637199.1790049,0
2637440.9268462,0
2637456.653659,0
2637499.4938152,0
2638273.6223106,0
2638647.4256124,0
2639042.6429954,0
2639098.1463489,0
2639286.6179234,0
2640606.8479073,0
2644580.480076,0
2644621.2091794,0
2644632.078632,0
2645295.3664092,0
2645316.4540652,0
2645488.8220577,0
2645725.7825653,0
2645774.8542956,0
2645848.0304484,0
2645929.8848298,0
2646528.2443129,0
2646960.9615308,0
2647089.4801248,0
2647091.6453551,0
2647148.1118705,0
2647493.7383795,0
2647644.7329167,0
2648465.1071285,0
2648513.3753721,0
2648844.6909493,0
2649331.6671703,0
2653925.4984665,0
2655439.5283924,0
2655630.1182367,0
2655755.3286002,0
2657133.2246576,0
2657528.1201919,0
2658944.0600287,0
2661017.4526874,0
2662569.0413239,0
2662828.7138787,19.080092436168
2662849.7037711,0
2664553.8227861,0
2664701.2241663,0
2665481.2795146,0
2665809.4250242,0
2665851.4448495,0
2665865.5997212,0
2665985.6244596,0
2666238.8527509,0
2666415.0149428,0
2666451.0996415,0
2666774.8875962,0
2666993.9698116,0
2667235.0219101,0
2667257.0131038,0
2668371.2975908,0
2668783.0559107,0
2669330.0443015,0
2669515.556172,0
2669618.77946,0
2674560.6282278,0
2674575.997315,0
2674970.8787637,0
2675707.1713176,0
2675799.9054552,0
2675971.3616192,0
2676359.4321463,0
2677130.7393075,0
2679370.9976605,0
2679587.37988,0
2679705.4045019,0
2684559.7359592,0
2685029.9083221,0
2685750.0252315,0
2685825.7537451,1.6179261901416
2685859.3713697,2.9007381722331
2685887.4224567,0
2685944.117007,0
2686071.3965363,0
2686584.7017665,0
2686975.5926377,0
2687993.5846267,0
2688715.5838579,0
2688755.7393567,0
2689597.6619366,0
2689625.4967544,0
2689983.7230632,0
2695692.2691283,0
2696789.5693249,0
2698565.9677945,0
2698574.8470435,0
2701143.5913848,0
2704577.759371,0
2706584.9033003,0
2706841.4215431,0
2707448.9472936,0
2707478.5385283,25.539910246152
2707948.1036398,0
2707975.1072034,0
2708027.5288252,0
2709008.560636,0
2709730.9331471,0
2711314.9503301,0
2713252.1670735,0
2713310.7545684,0
2714610.693018,0
2714654.7331364,12.421932114288
2715852.6840053,0
2715931.9335292,0
2716055.890488,0.66727953543887
2716248.5233978,0
2716294.2716697,0
2716870.189206,0
2717615.7934945,0
2717710.6833833,0
2717786.8574185,0
2717802.715856,0
2717813.8113774,0
2717929.9337408,0
2717931.5160646,0
2718163.8604616,0
2718873.0630404,0
2719057.4768849,0
2720097.8980349,0
2720430,2.0321391662583
2721166.6643974,0
2721561.687473,0
2725092.3228696,0
2726360.9713995,0
2726624.6091132,8.6797752282582
2726670.2254052,0
2726865.6055461,0
2726941.1557436,0
2727215.3084267,0
2727644.5285517,0
2728142.2912068,0
2728183.7742968,0
2728894.3762413,0
2730026.3833965,0
2730203.3107234,0
2730611.5797224,0
2731305.6876298,0
2736142.1990969,0
2736336.9913413,0
2736427.7931605,0
2736456.8312816,0
2736464.1860898,0
2737444.231518,0
2737548.7379727,0
2737729.691481,0
2738976.0905879,0
2738994.5617269,0
2739151.5317862,8.3070779675618
2739869.046133,0
2741291.388563,0
2744323.1650767,0
2744634.0794534,0
2745402.8115079,0
2746535.2133997,0
2746896.8898947,0
2747456.8374679,0
2747917.5360774,0
2748113.8383618,0
2748394.2393283,0
2749529.1225953,0
2749718.2909892,0
2750808.2083291,0
2751534.1142593,0
2755171.0718912,0
2756266.7072105,0
2756414.2916571,0
2756457.1248284,0
2756764.8516776,0
2757348.3148881,6.3185395360924
2757747.7093235,0
2758091.9294145,0
2758332.0339385,0
2758546.0403669,0
2759172.7103109,0
2760863.0465264,0
2763837.4386088,0
2765453.2900799,0
2766373.4048487,0
2766636.0102664,0
2766733.9049039,0
2767242.410386,0
2767976.0673584,0
2768072.9869154,0
2768147.7950539,0
2768301.4506613,0
2768583.7665876,0
2769504.7233256,0
2770874.4719457,0
2776639.2738468,0
2776758.1625701,0
2776840.5986312,0
2777989.9143517,0
2778128.0917216,0
2778266.3860862,0
2778460.8953225,0
2778466.0989408,0
2780298.0437622,0
2783802.4567289,0
2783827.798101,0
2785912.9318841,0
2786457.1037776,0
2786506.5766782,0
2786512.0960508,0
2786567.9471428,0
2786681.8072614,0.065906425472349
2787395.4195105,0
2787749.7553804,0
2787998.1576417,0
2788217.2045946,0
2788475.0199299,0
2788637.9075929,0
2789686.302654,0
2790638.8651103,0
2791727.5307984,0
2794773.7855441,0
2796776.5783193,0
2797696.3065251,1.04119726317
2797835.2871277,0
2798334.9546344,0
2798453.2816877,0
2798485.0635534,0
2798497.124447,0
2798768.2230376,0
2799437.9526699,0
2799504.0410561,0
2800220.2654074,0
2800534.9902099,0
2805794.0082773,0
2805956.5884986,0
2806590.9063876,0
2806792.1571922,3.9193834573962
2806854.6145772,0
2806895.9807456,0
2806898.8287563,0
2807024.218609,0
2807153.3350038,0
2807243.930129,0
2808354.7425012,0
2808380.1703263,0
2808746.960306,0
2808864.012807,0
2810553.8953766,0
2810607.2184784,0
2810880.6210037,0
2811343.9766985,0
2815673.9258118,0
2815703.9275902,0
2816808.7173041,0
2816839.7269572,0
2816993.9243339,0
2818532.3599254,0
2818745.2219067,0
2818757.9809587,0
2818818.1756298,0
2819753.1085731,0
2819885.9559734,0
2820679.2464571,0
2820961.5215071,0
2825341.3266689,0
2825827.2750184,0
2826746.450359,0
2826979.5992424,0
2827122.4630487,0
2827236.8649427,0
2828053.3601317,0
2830009.9507844,0
2831200.0575721,0
2836158.5323463,0
2836844.8310186,0
2836935.9634768,0
2838541.2991666,0
2838698.3948323,0
2839173.6475901,0
2840990.5083541,0
2841248.1655113,0
2847650.5762894,0
2847698.4416161,0
2848712.606911,0
2848717.3690294,0
2849101.5465704,0
2849968.6022002,0
2850569.9772762,0
2851042.6447678,0
2851094.8554132,0
2855388.8455389,0
2856018.9219722,0
2856237.3999397,0
2857014.820439,0
2857430.0596593,0
2857935.2516623,0
2858844.8245201,0
2859041.7900261,0
2859128.9161017,0
2859203.544274,0
2859917.120193,0
2860278.5648608,0
2861018.4135427,0
2861255.27095,0
2862457.7884269,0
2865588.4858754,0
2865704.6941092,0
2865912.8248738,0
2867093.9489835,0
2867392.3916908,0
2867493.5629386,0
2867852.7146028,0
2868634.1933387,0
2868944.1506355,0
2869166.9740518,0
2869313.5174247,0
2869935.0198714,0
2870916.6611938,0
2871108.467234,0
2871250.9312969,0
2874334.744653,0
2875540.4855983,0
2876606.4342519,0
2877259.2839509,0
2877846.0468451,0
2877861.1261085,0
2878412.5550222,0
2878631.954716,0
2879181.447515,0
2879366.1006003,0
2880027.3361369,0
2880054.0929774,0
2880278.6883678,0
2881154.1037602,0
2885925.4027828,0
2887355.7392958,0
2887618.7681061,0
2888549.0368858,0
2889200.9277541,0
2889258.6448704,0
2889336.8105923,0
2889368.0035188,0
2890457.2052851,0
2891550.2298477,0
2892943.9008826,0
2894521.932614,0
2894530.422393,0
2895943.352585,0
2897514.90932,0
2897582.3578107,0
2897788.4349231,0
2899510.0323322,0
2899535.184113,0
2900470.875182,0
2900626.3356772,0
2904612.120672,0
2905831.3364315,0
2906611.7113527,0
2907511.5303366,0
2907540.9987053,0
2907763.5338144,0
2908061.9192909,0
2912116.7904808,0
2912779.404068,0
2916260.4252279,5.45587760536
2916498.3476621,0
2917451.0875495,0.84157658554614
2917639.5716117,0
2917648.0229543,0
2917959.8572922,0
2918670,2.9971735952422
2918791.3046015,0
2919269.2107446,0
2919598.9135549,0
2919716.3897204,0
2920368.7501846,0
2920583.2982013,0
2920707.6114692,0
2920950.5543525,0
2921311.3511664,0
2921461.1498237,0
2924932.5235615,0
2924947.0825453,0
2925051.1348097,0
2926862.8755749,0
2927600.319306,0
2927622.4710814,0
2928408.3081131,0
2929379.4753333,0
2929573.8213208,0
2929773.6235343,0
2930417.1666902,0
2930634.0742371,0
2930842.871474,0
2931433.9349314,0
2931765.8250902,0
2932029.2606328,0
2932256.9237172,0
2937637.7614998,0
2937673.7519268,0
2937831.6887907,0
2938353.8244366,0
2938834.7755674,3.8350633378141
2939825.8229583,0
2939895.4071489,0.59095632238314
2940809.8975782,0
2940883.5777638,0
2940955.9225988,0
2943171.2196983,0
2945814.6308502,0
2946784.8836416,0
2947877.6918249,0
2947901.7377928,0
2948126.1805505,0
2948145.5815024,0
2948182.2957354,0
2948284.0434547,0
2948973.950655,0
2949069.2375252,0
2949203.7592622,0
2949229.9961631,0
2951000.1904851,0
2955344.6515773,0
2956900.5926096,0
2957086.2338442,0
2957211.5378695,0
2957792.0844866,0
2957864.8314931,0
2957874.5176519,0.14837912563235
2957875.7623652,0
2958044.2486987,0
2958199.8286117,0
2958314.1981195,0
2958569.5828671,0
2959110.7953524,0
2960123.4437023,0
2960839.3695752,0
2960874.7921149,0
2960953.6255536,0
2961028.8739356,0
2963453.8053501,0
2966193.0897271,0
2966542.571167,0
2966860.5386039,0
2967872.7937468,0
2968246.0249827,0
2968649.0806468,0
2968874.2191472,0
2969222.3013727,0
2969502.7875545,0
2969673.0516826,0
2969833.0070624,0
2969875.3675071,0
2969894.5139014,0
2970016.0932358,0
2970165.1266592,0
2971138.82122,0
2971820.8493666,0
2972634.7975509,0
2973327.4113924,0
2975394.4078807,0
2976169.1128335,0
2977118.7996917,0
2977959.4476974,0
2978050.8009612,0
2978112.6305511,0
2978363.3165497,0
2978493.4321588,0
2979016.3350496,0
2979242.213234,0
2979557.9310538,0
2979646.5012306,0
2979860.9589209,0
2980296.8573498,0
2980802.9642194,0
2981045.6581803,3.1705246637575
2981695.7846453,0
2982200.2721429,0
2983638.8937774,0
2987138.089528,0
2987231.1139966,0
2988016.6750467,0.18674161797389
2988541.7128644,0
2988622.3475089,0
2989866.7564268,0
2989964.820746,0
2990105.0705398,0
2990246.9237769,0
2990305.0403572,0
2990381.4549171,0
2992695.129565,0
2993748.9242485,0
2995428.6991409,2.0885885660537
2998263.0752458,0
2998339.2785652,5.3624747944996
2998360.6983895,0
2998368.7312567,0
2998459.7623165,0
2998519.5958243,0
2998543.7404154,0
2998735.4384802,0
2999808.7350618,0
3000095.475813,0
3000410.5219653,0
3001032.0952113,0
3001140.1372737,0
3001296.9149916,0
3002087.6663657,0
3002260.5355116,0
3003671.674476,0
3007630.9664273,0
3008506.9213987,0
3008519.857148,0
3008570.8680053,0
3009095.9284509,0
3009119.2847661,0
3009717.5125557,0
3009985.307366,0
3010400.47361,0
3010490.2544378,0
3011101.0665777,0
3011305.6298948,0
3012937.3691503,0
3013564.2225818,0
3017716.8382491,0
3018356.5718829,0
3018646.2230757,0
3018653.8133461,0
3019312.2616587,0.096427616663277
3019798.0912415,0
3020624.0910445,0
3021390.6423342,0
3021436.2510532,0
3021987.3852436,0
3022320.8299394,3.0549039873295
3022502.280446,0
3027358.3361365,0
3027598.6513427,3.3495148541406
3028364.8374574,0
3028579.2451529,1.2633987851441
3028605.5522947,0
3028621.8140037,0
3029623.4825852,0
3032013.2708297,0
3032244.3459266,0
3032458.0481575,0
3035814.2216324,0
3037684.6730236,0
3038409.5925966,0
3039269.0511787,0
3039928.7570004,0
3039992.4937721,0
3040263.66541,0
3040603.1203645,0
3041623.5740411,0
3041639.0910518,0
3041686.0157167,0
3041744.7067107,0
3043904.5353929,0
3047485.8880446,0
3048490.1125502,0
3048505.702292,0
3048797.2824834,0
3049224.6051528,0
3049661.0498088,0
3049843.3523822,0
3049866.9691911,0
3050093.031939,0
3050308.4210523,0
3050576.345183,0
3050634.6224794,0
3051608.0150432,10.283859662712
3051993.6588578,0
3054115.8855334,0
3054202.7786305,0
3058859.4952559,0
3058865.3570329,0
3059157.6908465,0
3059562.2375854,0
3059645.1660644,0
3060159.0340554,0
3060433.1434609,0
3060935.6476328,0
3061510.8026146,0
3061641.7634542,0
3061682.0819298,0
3061774.4057531,0
3061842.785542,0
3061862.2666709,0
3062457.428882,0
3062756.6278365,0
3062816.4036913,0
3064060.0600184,0
3067673.2172612,0
3067736.8097208,0
3068828.9993923,0
3069221.4330808,0
3069613.9430172,0
3070634.4656507,0
3070909.5983187,0
3070959.9335453,0
3071978.0189118,0
3072381.177461,0
3072576.345782,0
3078160.6063,0
3078864.8361152,0
3079600.699555,0
3080673.8164251,0
3081105.36465,0
3082942.2894705,0
3083185.1551489,0
3084024.7596024,0
3084383.8625902,0
3085972.0467328,0
3088205.0892701,0
3088900.0837398,0
3090505.9254922,1.7118251728825
3090760.0242936,0
3090771.8393615,0
3090860.5399248,0
3093109.3767844,0
3096122.9088011,0
3097798.3292292,0
3098935.4063889,0
3098969.9089175,0
3099009.9849474,0
3099121.151359,0
3099178.2069218,0
3099181.981787,0
3099569.4244466,0
3099575.5441978,0
3099652.1297185,0
3100367.1040193,0
3100393.932097,0
3100793.2550923,0
3101762.1415199,0
3104402.1753145,0
3108041.0619166,0
3108978.4437252,0
3109049.3580378,0
3109054.4916425,0
3109264.4532048,0
3109426.5427796,0
3109853.8347625,0
3110437.9654198,0
3110734.3626529,0
3110851.9044146,0
3111029.410678,0
3111155.0269496,0
3113259.1581558,0
3113466.060621,0
3118540.3841795,0
3119297.1442096,9.2548648728989
3119484.2975868,0
3119687.9843522,0
3119846.2358886,0
3120750.335462,12.504410213325
3120914.2259393,0
3121317.4764358,0
3121322.3344459,0
3122114.6115862,0
3123140.686592,0
3124685.9812993,0
3127930.0353014,0
3128619.8844831,0
3129555.291958,0
3129591.8418851,0
3129614.3013088,0
3129906.4959591,0
3133230.1289217,18.022252674215
3133246.9839914,0
3134416.4546785,0
3137663.9292298,0
3137967.2098341,0
3138515.1007577,0
3139290.9594336,0
3139470,14.099244593177
3140293.7950071,0
3141270.1891469,0
3141353.8221663,0
3142338.8536459,0
3142364.2924262,0
3142427.554811,0
3142785.9573856,0
3143076.5672119,0
3143277.279256,0
3146702.9789516,0.16503504663706
3148411.2764631,0
3148484.5150154,0
3150685.5983368,0
3151160.0323484,0
3151532.9026917,0
3151552.5000265,0
3153939.7469556,0
3154062.5113134,0
3158730.6947761,0
3158737.0654466,0
3158745.3443664,0
3159726.9266825,0
3159830.4827282,0
3160945.2984214,0.19178690295666
3161411.0257136,0
3161508.4268257,0
3163367.6780908,0
3166729.1177637,0
3167923.4508016,0
3168768.0352751,0
3169493.3386954,0
3169531.2458331,0
3169784.2924605,0
3170104.7511172,0
3170145.8048822,0
3170308.5735481,0
3170757.987938,0
3171067.1502629,0
3171180.1804206,0
3171363.7382858,0
3171480.9029406,0
3171648.0475293,0
3171650.3051043,0
3171764.4047048,0
3172708.728674,0
3173177.8175175,0
3173796.5458327,0
3174035.7585707,0
3178734.4954286,0
3179031.7628589,0
3179555.3321577,0
3179755.4161169,0
3179765.9641364,0
3179926.2155376,0
3179947.1227596,0
3179978.3515802,0
3180409.5072622,0
3180864.3223185,0
3181184.9191033,0
3181729.3566319,0
3182832.9007744,0
3182867.5048697,0
3183104.3932852,0
3187182.5396629,0
3188955.6155615,0
3189026.0912786,0
3190010.010631,0
3190033.1030706,0
3190048.9928068,0
3190117.9578681,0
3191201.28227,0
3191231.0780432,0
3191599.601947,0
3191765.6823694,0
3192708.3663555,0
3192873.1308804,0
3193769.1889555,0
3193776.8803454,0
3195083.9243154,0
3197086.9131135,0
3198810.9574113,0
3198859.501231,0
3199885.6076189,0
3200724.7101601,0
3201017.7789384,0
3201151.1777274,0
3201341.2588951,0
3201361.1491952,0
3201492.323267,0
3201723.5033182,0
3201783.1233295,0
3201921.0246673,0
3201974.6705097,0
3201996.4054431,0
3202835.1316757,0
3203720.9739765,0
3209044.2417314,0.0036416635848582
3209084.9973538,0
3210040.9385804,0
3210056.0969546,0
3211143.6874659,0
3211427.0708534,0.010303135029972
3211456.7612836,10.824905412737
3211458.749185,0
3211609.2264508,0
3211796.3302805,0
3211833.0219275,0
3211854.9365549,0
3212041.1531978,0
3212076.2343188,0
3212884.4547305,1.876417633146
3212910.5359372,0
3214079.2792593,0
3215409.6956969,0
3218416.9211847,0
3219139.4382758,0
3219211.0679122,0
3220016.7022651,0
3220086.360833,5.7753692348488
3220151.9625668,0
3220265.9521406,0
3221262.5034502,0
3221420.0304165,0
3221482.1412658,0
3221485.365851,0
3221555.8418685,0
3221851.6890942,0
3222182.8011891,0
3223133.5200115,0
3223196.9773247,0
3223273.4359581,0
3223371.3526426,0
3223407.5035289,0
3223885.7806752,0
3225528.3979302,0
3228955.2360932,0
3229405.13057,0
3230288.4654742,0
3230623.7278786,0
3231157.0244655,0
3231913.9505329,0
3232091.9735861,0
3232261.1638933,0
3232293.0283679,0
3232293.5771572,0.22582303872332
3232299.1556749,0.89241294702515
3232801.4130442,0
3232842.2788227,0
3233489.4750646,0
3233599.0567154,0
3238271.1017859,0
3242068.6371463,0
3248298.0583145,0
3248321.8130453,0
3249538.3251382,0
3250108.0906565,0
3250126.1051972,0.4543064837344
3250179.5452595,0
3250358.3300165,2.5288462461904
3250955.8113462,0
3251260.9315045,0.56228710850701
3251822.774923,0
3252188.4828686,0
3252273.8150565,0
3252360.5581812,0
3252405.4218079,0
3259085.5534416,0
3259532.2220048,0
3259578.6731756,0
3260541.4481752,0
3260761.6824779,0
3261365.1389246,0
3261404.0386163,0
3261935.5728484,0
3262328.5795787,0
3263121.869297,0
3263282.4206887,0
3264158.6869049,0
3270285.2425624,0
3270655.00422,5.2547200885601
3270656.1890189,4.4119507446885
3270773.9704314,0
3270876.3584996,0
3270967.274813,0
3271671.7056007,0
3272007.262826,0
3272436.1858217,0
3272460.9677787,0
3272519.4422001,0
3272600.7847432,0
3273502.9629761,0
3274232.8730446,0
3274614.4188608,0
3275793.4384685,0
3278472.967099,0
3279473.4417624,0
3279630.3474141,0
3279830.5232466,0
3280422.5412031,0
3280488.1014092,0
3280683.5391819,0
3281658.4645356,0
3282553.0317502,0
3282659.9779318,0
3282717.0466296,0
3283307.7597934,0
3285643.347157,0
3287932.9247832,0
3290499.553845,0
3290655.9910011,0
3290679.9821905,0
3291225.2911603,0
3291951.6908695,0
3291966.6330716,0
3292034.1683746,0
3292233.6842486,0
3294859.2334127,0
3294906.0005819,0
3300565.6799084,0
3300670.2248582,0
3301646.3440748,0
3302336.5985528,0
3303648.7491603,0
3303683.8021104,0
3303786.0353053,0
3304352.2156294,0
3304423.3936019,0
3304554.5054544,0
3306120.750678,0
3307847.4997779,0
3308786.3271104,0
3309504.6357818,0
3309641.7638792,0
3309690.7446688,0
3309810.328486,0
3309924.9120066,0
3310918.8885263,0
3310994.3046222,0
3311855.7241678,0
3312440.5947482,0
3312467.8616723,0
3312527.470211,0
3312531.9252314,0
3312721.5525119,0
3312836.6341927,0
3313573.1154366,0
3313849.0338045,0
3314316.8208861,0
3315900.1168996,0
3319009.0554901,0
3319239.4952004,0
3320124.245126,0
3320719.6281905,0
3320860.6380838,0
3320988.0842093,0
3321051.2259939,0
3321191.8074786,0
3321338.5800435,2.0405064066872
3321893.314915,0
3322218.4282683,0
3322629.2006315,0
3322760.7124568,0
3323615.1726721,0
3323681.6132323,0
3325992.223173,0
3329946.0955531,0
3330132.3236783,0
3330799.7919304,0
3330859.5957108,0
3330875.0999151,0
3331153.0369174,0
3332296.1866785,0
3332779.695899,0
3332910,1.1573474807665
3333055.0127664,0
3333927.8881249,0
3333959.9267788,0
3334595.3884724,0
3335093.9132706,0
3337987.4854582,0
3339919.8722526,0
3340851.1057314,0
3340927.7122611,0
3340930.0300081,0
3341036.7418389,0
3341950.1460883,0
3342200.683817,0
3342853.8681458,0
3343064.7391261,0
3343067.6918275,0
3343147.6133353,0
3351104.8395845,0
3351211.6859797,0
3351599.7365654,1.9519197656773
3351932.4040422,0
3352206.7264583,0
3352234.9387312,0
3352509.0995022,0
3353203.079442,0
3353212.1011342,0
3353215.1357241,0
3353274.742937,0
3354133.9211431,0
3360336.3991878,0
3360461.3088977,0
3361316.276996,0
3362402.7370767,0
3362433.9986545,0
3362596.7053054,0
3362881.6818356,0
3363104.1378631,0
3363178.0458711,0
3370134.3418494,0
3371150.1542357,0
3371339.5712635,0
3371469.858964,0
3371685.3738658,0
3371901.1489464,0
3371960.1306691,0
3372889.2013644,0
3372999.5047945,0
3373381.6330271,0
3374039.0372767,0
3374055.6357437,0
3375382.4363362,0
3376640.604153,0
3378616.6693949,0
3379941.6098066,0
3380296.7695408,0
3381121.2281688,0
3381356.5986327,0
3381358.1742342,0
3381531.101868,0
3381747.4484999,0
3382042.0972357,0
3382721.4737883,0
3382727.2382013,0
3382750.9294523,0
3383308.4896226,0
3384175.1989269,0
3385843.06069,0
3386742.3772892,0
3388608.8217232,0
3389294.8233612,0
3390594.973203,0
3390671.0638536,0
3391458.1286215,0
3391661.1861482,0
3392026.5449567,0
3392037.613028,0
3392403.9136759,0
3393262.7494471,0
3393480.504174,0
3394256.9075345,0
3396625.6159901,0
3401421.6271837,0
3401685.3254604,0
3402188.5878006,0
3402239.7425592,0
3403246.49377,0
3403262.9504415,0
3403439.4041645,0
3404263.563174,0
3404407.9258529,4.1915110708214
3404502.4811464,0
3404822.7997234,0
3406590.5735126,0
3409843.3356249,0
3410543.4509518,0
3411520.9297775,0
3411861.2710425,0
3412489.276298,0
3412911.2662505,0
3413171.9371616,0
3413226.7386235,0
3414326.6301488,0
3416731.315673,0
3420631.509184,0
3421500.7253827,0
3422486.020609,0
3423281.1195442,0
3424363.6802743,0
3424499.2441988,0
3425834.9359456,0
3426205.0307372,0
3430644.612893,0
3431663.1310352,0
3431810.1190277,0
3431950.4046543,0
3432486.4629926,0
3433694.7995775,0
3433778.4547859,0
3434541.0034533,0
3435607.972584,0
3435732.5133193,0
3440767.1808976,0
3441922.2338495,0
3442254.6478926,0
3442526.9334482,0
3443050.5742596,0
3443106.9868573,0
3443149.299486,0
3443619.22051,0
3443879.4987048,0
3443894.8210404,0
3444830.3879043,0
3444934.69333,0
3446911.2830604,0
3449114.117316,0
3450300.9304971,0
3452192.4440085,0
3453151.4763927,0
3453274.4410656,0
3453319.3298207,0
3453580.1690019,0
3453652.4251641,0
3453769.681009,0
3454022.300817,0
3454732.885562,0
3454943.8498915,0
3454951.8089817,0
3456168.1285362,0
3461062.1843604,0
3461144.1617155,0
3461235.3425344,0
3463297.2314777,0
3463322.3054576,0
3463424.6476352,0
3463938.6092734,0
3464012.5609025,0.43714571278542
3464979.6889576,0
3465350.2500218,0
3465907.3992249,0
3467440.2444393,0
3467469.7470568,0
3469144.0239695,0
3470930.0665738,0
3471189.1743054,0
3471853.8394587,0
3472077.6964791,0
3472126.6925993,0
3472173.5536955,0
3472210.3226103,0
3472524.2326044,0
3472552.4147263,0
3472594.2330642,0
3473125.5454317,0
3473407.5375468,0
3473490.3635884,0
3473827.5309858,0
3473972.908717,0
3474016.0725599,0
3474174.2423174,0
3474992.4766688,0
3475886.0548152,0
3480015.3079018,0
3480095.7278835,0
3480584.1333933,0
3480762.0613179,0
3481938.7077961,0
3482057.2762912,0
3482305.3626018,0
3482703.2750767,0
3482897.9031005,0
3483804.0606192,0
3484188.9188514,0
3484243.3564243,0
3484849.9846008,1.6965554333292
3485550,5.9648904693313
3486412.4420918,0
3486456.9079309,0.68016849597916
3489130.4621815,0
3492023.9631948,0
3492188.6339292,0
3492510.4592567,0
3492904.8108644,0
3493166.1675302,0
3493309.0816823,0
3493458.6402538,0
3493656.8018041,0
3493685.4882537,0
3493925.898743,0
3493948.1579787,0
3494038.9689066,0
3494217.4195355,0
3494265.7143921,0
3495107.9600359,0
3495201.7444026,0
3496330.3842231,0
3497531.1048892,0
3500785.712725,0
3500807.2005295,0
3501451.9094681,0
3502082.7575036,0
3502318.756797,0
3502355.0684243,0
3502486.073589,0
3502775.3648969,0
3503232.0392313,0
3503335.1210943,0
3503614.89138,0
3503800.7291813,0
3504419.7442734,0
3504998.3511534,0
3505122.1757231,0
3505427.637502,0
3505566.4720492,0
3506014.1291027,0
3506704.0560563,0
3511329.6889834,0
3511592.2089159,0
3512182.2774682,0
3512291.5045224,0
3512912.1170992,0
3513462.9274175,0
3513707.216173,0
3514165.5903878,0
3514244.210468,0
3514332.8703155,0
3519593.4976013,0
3521132.3667506,0
3521543.8447352,0
3522264.8151368,0
3522444.8132137,0
3522632.7678181,0
3522764.39603,0
3523133.1512366,0
3524194.3040383,0
3524246.5708773,0
3524269.4646139,0
3524529.1961821,0
3525225.9477651,0
3525393.6911532,0
3525554.2835726,0
3525721.6949611,0
3530593.5388003,0
3531396.9900001,0
3532566.3010593,0
3534038.2262638,0
3534195.2248716,0
3534335.304534,0
3534520.5737976,0
3534551.0924399,0
3534651.1853117,0
3535506.999913,0
3536455.8517558,0
3537775.3646245,0
3539804.627796,0
3542670,0.68037946568802
3542795.6412584,0
3543870.4532325,0
3544511.3717871,0
3544694.4893253,0
3544780.7321582,0
3546467.7489834,0
3547169.3449231,0
3552548.9732475,0
3552775.4927185,0
3553626.9591569,0
3553706.9484157,3.3390930448659
3554435.3925483,0
3554650.2364827,0
3555778.3724966,0
3556057.5164128,0
3557972.5657566,0
3561775.5859355,0
3561859.2667328,0
3561958.1172497,0
3562054.4727586,0
3562873.1912079,0
3563098.3502539,0
3563325.4625943,0
3563689.2839076,0
3563843.7439021,0
3563974.7215195,0.19432764872909
3564218.8583608,0
3564314.2933983,0
3565851.7635188,0
3566765.2534122,0
3566815.469608,0
3570225.3334136,0
3571005.109957,0
3573015.6874957,9.46118383063
3573649.6764334,0
3574132.6116774,0
3574226.200166,0.18932916224003
3574681.2506582,0
3574853.0939894,0
3574945.072889,0
3574989.3710524,0
3575748.1813154,0
3575830.151595,0
3576843.6504129,0
3577168.5880477,0
3577340.5902582,0
3578190.9036837,0
3579844.5032939,0
3580003.4860787,0
3581456.7427984,0
3582023.1634356,0
3582128.7721066,0
3583188.0482483,0
3583329.9172577,0
3583733.4478877,0
3583918.2963575,5.0315391481854
3584573.0424484,0
3584979.7224958,0
3586754.7228523,0
3586765.9710301,0
3586934.4064617,0
3588446.6281649,0
3592968.9693805,0
3593402.0080964,0
3593523.6524889,0
3594899.5752811,0
3594904.6074648,0
3595756.222705,0
3595984.1781937,0
3598212.9403063,0
3602962.6374663,0
3602999.2789623,0
3603065.9993892,0.89180990355089
3603076.3953591,0
3603148.9911134,1.6919551547617
3603323.6783114,0
3603790.9087135,0
3604444.9178976,0
3604758.5302362,0
3604840.2739346,0.62793151754886
3605893.2228258,0
3606106.5028348,0
3606755.3482141,0
3607206.6257704,0
3608535.9572089,0
3608567.4307537,0
3611833.7110005,0
3613072.2060477,0
3613308.9962973,0
3613391.0298429,0
3614673.3046744,25.881436026189
3615216.1938877,0
3615231.01004,0
3615319.5281802,0
3617622.6697094,0
3618617.0078251,0
3623054.4093986,0
3623401.7595434,0
3624543.8756551,0
3624677.5132973,0
3624920.5728478,0
3625088.0183889,0
3626116.4614492,0
3626128.5392053,0
3626710.5281934,0
3626988.7984471,0
3631859.545363,0
3632260.6267156,0
3632461.8294116,0
3633245.6944836,0
3633359.2507581,4.4398437868804
3633580.579088,0
3634072.0470215,0
3634692.4004953,0
3634935.96741,0
3635438.0010537,0
3635444.9974094,0
3635502.6312583,0
3636448.0643448,0
3637853.5682011,0
3643653.8689347,0
3643659.4828422,0
3643863.5733174,0
3644552.8417429,0
3644591.56722,0
3645292.4003855,0
3645463.0623912,0
3646124.2937307,0
3646247.4657158,0
3646406.8177683,0
3648819.9366622,0
3648855.7631909,0
3651773.2137044,0
3651795.7344093,0
3652123.239753,0
3652621.3045398,0
3653444.654487,0
3653557.2196485,0
3654359.1943429,0
3654456.8769592,2.6281659197994
3654693.252216,0
3654864.4155032,0
3655069.3441207,0
3655401.3583514,0
3655595.0832485,0
3656168.2060139,0
3656524.3272316,0
3657229.3974898,0
3657553.1124528,0
3657740.8916011,0
3661666.9923975,0
3662500.2126208,0
3663808.9572071,0
3665079.4005481,0
3665260.944498,0
3665286.6100502,0
3665512.1009346,1.8000271641649
3665705.5542245,0
3666577.6874185,0
3668866.3223363,0
3672709.1862348,0
3673605.4155537,0
3673630.0557863,0
3673641.7431241,0
3673769.2168027,0
3673863.0928293,0
3673894.6915888,0
3674215.3238,0
3674313.4535977,0
3674339.9545018,0
3674949.5104682,0
3675000.6110515,0
3675228.760092,0
3675282.0263606,0
3675381.5446857,0
3675542.9759241,0.42067614803091
3676877.2280827,0
3677180.3914147,0
3677680.1151582,0
3677822.6332805,0
3679129.5638458,0
3683017.0973349,0
3683969.1451359,0.24061300139874
3684743.2635841,1.3921326915734
3684770.968024,0
3685049.4806275,0
3685477.0131386,0
3685579.9044597,0
3686419.9452431,0
3686630.684356,0
3687137.2653689,0
3692534.8107881,0
3692999.6829971,0
3693857.2296751,5.6879113479517
3693931.395065,0
3694350.6250059,0
3695463.0135794,0
3695846.5785462,0
3695916.6732684,0
3695928.3603426,0
3697208.4385282,0
3698394.6825258,0
3699259.4168141,0
3702628.9581026,0
3702874.888878,0
3702909.5760039,0
3704555.3040744,0
3704675.5220274,0
3708229.3025212,0
3713810.0566658,0
3713936.9303476,0.75596461584792
3713999.7592877,0.18558079982176
3714224.6430095,0
3714450.3785184,0
3714754.7964032,0
3715374.3909404,0
3715484.0173843,0
3717118.0311196,0
3717186.2568412,0
3718030.9823006,0
3718046.1627202,0
3718380.1668487,0
3719231.4066918,0
3722887.2007447,0
3723047.2285138,0
3723334.8608612,0
3723869.7414006,0
3723969.102869,0
3723973.1789781,0
3724110,20.979506396223
3724197.1383923,0
3724389.139062,0
3724773.9939008,0
3725223.931332,0
3725582.993258,0
3725787.6489902,0
3726861.6138094,0
3727161.645921,0
3727786.4690894,0
3727989.9344095,0
3728474.4040856,0
3732457.679617,0
3732731.131525,3.0430376678705
3733013.1768968,0
3733993.5884434,0
3734184.2398925,13.601557287853
3734186.1506402,0
3734340.830209,0
3734368.8694836,0
3734534.7382565,0
3734724.3153266,0
3734858.1622421,0
3735270.8847607,0
3735678.60407,0
3735936.5049946,0
3736027.9032586,0
3736151.6870258,0
3738528.7641951,0
3739552.7783627,0
3741313.1566074,0
3742610.135915,0
3744552.8674317,0
3744822.8990849,0
3745555.4966369,0
3745800.827062,0
3745928.1056185,0
3745932.3524964,0
3746228.2442265,0
3747201.2556381,0
3747326.6432605,0
3748293.6679806,0
3748664.6037805,0
3753436.6673721,0
3754141.9033943,0
3754269.0585801,0
3754304.5206559,0
3755358.3573594,0
3755532.8829078,0
3755731.9589493,0
3755862.4060174,0
3756091.7743291,0
3756454.3070992,0
3757075.5028638,0
3757126.7777545,0
3763249.5458999,0
3764217.1321497,0
3764328.4578575,0.32154052192345
3764983.9196864,0
3765252.1871208,0
3766122.5064496,0
3766215.4678072,0.23806414566934
3767310,3.7310952539556
3774420.8488134,0
3774752.9847945,0
3774862.2351318,0
3775755.8716522,0
3776182.6506207,0
3776230.1360552,0
3776290.3927591,0
3776417.8380737,0
3776579.6766588,0
3777409.1373075,0
3777994.4189755,0
3778515.6256464,0
3782719.1361196,0
3783507.7652061,0
3784529.6708641,0
3784787.1230538,0
3785123.666983,0
3785256.505744,0
3785508.9419115,0
3785779.262205,0
3785832.784476,0
3786162.3961062,0
3786204.1253081,0
3786292.0770911,0
3786329.7054127,0
3788449.3954604,0
3788746.901569,0
3789921.4371482,0
3790021.6110799,0
3793501.3096323,0
3793513.6576239,0
3793591.407433,0
3793636.809079,0
3794637.231815,0.12305248342454
3794697.3064499,0
3796128.0270911,0.97456662030891
3796452.4836291,0
3798556.5189087,0
3798926.9939697,0
3801900.8671721,0
3803776.4228731,0
3804622.2157371,0
3804660.1950351,0
3804896.256342,0
3805938.2829128,0
3805996.9104329,0
3806250.8596353,0
3806414.9944543,0
3806537.419495,0
3806672.7887531,0
3807509.744616,0
3807545.5078389,0
3813832.0464977,0
3814604.8512852,0
3814901.686624,0
3815947.813528,0
3816146.2389813,0
3816651.7064577,0
3816839.8450052,0
3823742.3960157,0
3824730.9635021,0
3825258.4278947,0
3825715.516079,0
3826391.5469493,0
3826486.9299489,0
3826538.8667483,0
3826818.8508873,0
3826890.6747145,0
3826986.6006374,0
3827026.4374109,0
3827920.3370334,0
3834041.2632153,0
3835632.9220109,0
3835813.5833973,0
3836182.7125814,0
3836230.9865561,0
3836615.595835,0
3836837.1094861,0
3837094.5164004,0
3837654.6044056,0
3837992.0766907,0
3838561.9785104,0
3844816.6292104,0
3844967.5762521,0
3845026.3034665,0
3845071.3217044,0.65084620937705
3846309.3436379,0
3846477.9977768,0
3846901.8984999,0
3846945.0722696,0
3847038.4939114,0
3848029.172741,0
3848058.7429985,0
3848420.4437246,0
3848604.7852711,0
3848952.7924756,0
3849111.2376823,0
3854351.7906448,0
3854944.4472034,0
3854960.1126725,0
3854982.8298769,0
3855042.4549447,0
3855054.0680266,0
3855112.4295904,0
3855321.4573631,0
3855838.9846973,0
3856054.2354625,2.5227791629732
3856504.1126564,0
3856557.8664027,0.058910757303238
3856564.5632721,1.9849198581651
3856909.330563,0
3857072.3979224,0
3859050.7616617,0
3864106.9869505,0
3864255.623507,0
3865121.5779319,0.52938569709659
3865153.5876612,0
3865811.7689024,0
3866911.8943354,0
3866966.6770541,0
3867336.8980054,0
3868070.1704746,0
3868439.6248335,0
3868813.1292924,0
3869122.8606992,0
3869215.0732359,0
3869710.5373462,0
3870685.8139555,0
3874450.4424398,0
3875064.0220394,0
3875109.6583815,0
3875229.22323,0
3875864.8957227,0
3875878.668546,0
3876209.7167891,0
3876333.603747,0
3876376.2536521,0
3876567.3496392,0
3877277.0049668,0
3877391.1958711,0
3878172.3015397,1.6369984252378
3878239.213313,0
3878392.9839016,0
3879761.3077913,0
3882388.1704605,0
3884016.093892,0
3884247.8321369,0
3885436.0511996,0
3886301.865636,0
3886828.6477283,0.5403954628855
3887290.6182464,0
3888263.2472471,0
3892743.9737863,0
3894298.3451987,0
3895351.6259741,0
3895371.4126489,0
3895535.4215747,0
3895639.671705,0
3896213.5930321,0
3896467.4727192,0
3896527.2324647,0
3897136.809331,0
3897140.5734952,0
3897150.9173185,0
3897171.1523331,0
3897298.9485692,0
3897524.5597584,0
3897537.3257846,0
3898175.356801,0
3898200.7435208,0
3898701.7267304,6.2226151288487
3900850.7216101,0
3900908.2347573,0
3902867.6068414,0
3904359.2713388,0
3905280.1457021,0
3905575.9068479,0
3906070.6187602,0
3908340.25161,0
3908470.8422207,0
3909272.4231612,0
3909354.5906179,0
3914076.7259004,0
3915384.0060495,0
3915431.3319305,0
3915525.7106172,0
3915695.2414506,0
3915702.3473355,0
3915784.9997209,0
3916230.0493621,0
3916869.9997329,0
3917056.3670708,17.282915150281
3917570.1940279,0
3917607.6041584,0
3917633.3171443,0
3917738.9186129,0
3918307.9279183,0
3920651.0822693,0
3920974.3751509,0
3922767.4540891,0
3923792.0969371,0
3924601.3824101,0
3924738.6045696,0
3924904.2940476,0
3925833.0472475,0
3926600.8130657,0
3926851.1295137,0
3927604.1881909,0
3927680.6467295,0
3927771.3561921,0
3929404.7124426,0
3929980.6082531,6.4782392894849
-1,-1
